Pharmacy Name,Email,Phone,Website,Requires prescription?,Pharmacy Address,Based in the United States?,Overnight shipping to the United States?,Overnight International shipping?,Ships to the following States/Provinces
0 Covid Pharmacy,sales@0covidpharmacy.com,(785) 672 9222,0covidpharmacy.com,NO,"245 Krishna Market Channi RoadNagpur, Maharashtra 440001India",NO,YES,YES,AlabamaAlaskaArizonaArkansasCaliforniaColoradoConnecticutDelawareDistrict of ColumbiaFloridaGeorgiaHawaiiIdahoIllinoisIndianaIowaKansasKentuckyLouisianaMaineMarylandMassachusettsMichiganMinnesotaMississippiMissouriMontanaNebraskaNevadaNew HampshireNew JerseyNew MexicoNew YorkNorth CarolinaNorth DakotaOhioOklahomaOregonPennsylvaniaRhode IslandSouth CarolinaSouth DakotaTennesseeTexasUtahVermontVirginiaWashingtonWest VirginiaWisconsinWyomingGuamPuerto RicoVirgin IslandsArmed Forces AmericasArmed Forces EuropeArmed Forces Pacific
1 Ivermectin Service,ask24@1ivermectin.com,"(888) 290 0964 (US), +91 22509 72606 (IN)",1ivermectin.com,NO,"1/16, First Floor, Tardeo Air Conditioned Market Building, TardeoMumbai, Tardeo 400034India",NO,YES,YES,AlabamaAlaskaArizonaArkansasCaliforniaColoradoConnecticutDelawareDistrict of ColumbiaFloridaGeorgiaIdahoIllinoisIndianaIowaKansasKentuckyLouisianaMaineMarylandMassachusettsMichiganMinnesotaMississippiMissouriMontanaNebraskaNevadaNew HampshireNew JerseyNew MexicoNew YorkNorth CarolinaNorth DakotaOhioOklahomaOregonPennsylvaniaRhode IslandSouth CarolinaSouth DakotaTennesseeTexasUtahVermontVirginiaWashingtonWest VirginiaWisconsinWyomingPuerto RicoVirgin Islands
1 Life Pharmacy,sales@1lifepharmacy.net,(888) 560-0430 (US); +91 (807 ) 127-9990 (India),1lifepharmacy.net,NO,"302, Pride Plaza, Rajkot, 360002Rajkot, Gujarat 360002; 84118India",NO,YES,YES,AlabamaAlaskaArizonaArkansasCaliforniaColoradoConnecticutDelawareDistrict of ColumbiaFloridaGeorgiaHawaiiIdahoIllinoisIndianaIowaKansasKentuckyLouisianaMaineMarylandMassachusettsMichiganMinnesotaMississippiMissouriMontanaNebraskaNevadaNew HampshireNew JerseyNew MexicoNew YorkNorth CarolinaNorth DakotaOhioOklahomaOregonPennsylvaniaRhode IslandSouth CarolinaSouth DakotaTennesseeTexasUtahVermontVirginiaWashingtonWest VirginiaWisconsinWyoming
1-2-3 RX Global Pharmacy,doctor@123rx.net,(516) 758-2630,123rx.net,NO,"2967 Dundas St. W.Toronto, Ontario M6P 1Z2Canada",NO,YES,YES,AlabamaAlaskaArizonaArkansasCaliforniaColoradoConnecticutDelawareDistrict of ColumbiaFloridaGeorgiaHawaiiIdahoIllinoisIndianaIowaKansasKentuckyLouisianaMaineMarylandMassachusettsMichiganMinnesotaMississippiMissouriMontanaNebraskaNevadaNew HampshireNew JerseyNew MexicoNew YorkNorth CarolinaNorth DakotaOhioOklahomaOregonPennsylvaniaRhode IslandSouth CarolinaSouth DakotaTennesseeTexasUtahVermontVirginiaWashingtonWest VirginiaWisconsinWyoming
12 Angel Pharmacy Store,12angel.store@gmail.com,(908) 866-4260,12angel.store,NO,"1050 Bharat Diamond BourseBandra Kurla ComplexMumbai, Maharashtra 400051India",NO,YES,YES,AlabamaAlaskaArizonaArkansasCaliforniaColoradoConnecticutDelawareDistrict of ColumbiaFloridaGeorgiaHawaiiIdahoIllinoisIndianaIowaKansasKentuckyLouisianaMaineMarylandMassachusettsMichiganMinnesotaMississippiMissouriMontanaNebraskaNevadaNew HampshireNew JerseyNew MexicoNew YorkNorth CarolinaNorth DakotaOhioOklahomaOregonPennsylvaniaRhode IslandSouth CarolinaSouth DakotaTennesseeTexasUtahVermontVirginiaWashingtonWest VirginiaWisconsinWyomingGuamPuerto RicoVirgin IslandsArmed Forces AmericasArmed Forces EuropeArmed Forces Pacific
24 x 7 Pharma,contact@24x7pharma.com,(851) 127-5721,24x7pharma.com,NO,"Mahek IconSumul Diary Road, KatargamSurat, Gujarat 395003India",NO,YES,YES,AlabamaAlaskaArizonaArkansasCaliforniaColoradoConnecticutDelawareDistrict of ColumbiaFloridaGeorgiaHawaiiIdahoIllinoisIndianaIowaKansasKentuckyLouisianaMaineMarylandMassachusettsMichiganMinnesotaMississippiMissouriMontanaNebraskaNevadaNew HampshireNew JerseyNew MexicoNew YorkNorth CarolinaNorth DakotaOhioOklahomaOregonPennsylvaniaRhode IslandSouth CarolinaSouth DakotaTennesseeTexasUtahVermontVirginiaWashingtonWest VirginiaWisconsinWyomingGuamPuerto RicoVirgin IslandsArmed Forces AmericasArmed Forces EuropeArmed Forces Pacific
24*7 Ivermectin Store,info@buyivermectin.com,(785) 672 9222,247buyivermectin.com,NO,"701-702 Shiv Dhara ComplexBandra, MumbaiNagpur, Maharashtra 440001India",NO,YES,YES,AlabamaAlaskaArizonaArkansasCaliforniaColoradoConnecticutDelawareDistrict of ColumbiaFloridaGeorgiaHawaiiIdahoIllinoisIndianaIowaKansasKentuckyLouisianaMaineMarylandMassachusettsMichiganMinnesotaMississippiMissouriMontanaNebraskaNevadaNew HampshireNew JerseyNew MexicoNew YorkNorth CarolinaNorth DakotaOhioOklahomaOregonPennsylvaniaRhode IslandSouth CarolinaSouth DakotaTennesseeTexasUtahVermontVirginiaWashingtonWest VirginiaWisconsinWyomingGuamPuerto RicoVirgin IslandsArmed Forces AmericasArmed Forces EuropeArmed Forces Pacific
24/7 American Pharmacy,cs@247americanpharmacy.com,(877) 690-8545,247americanpharmacy.com,NO,"700 Craighead St, Berry HillNashville, Tennessee 37204United States",NO,YES,YES,AlabamaAlaskaArizonaArkansasCaliforniaColoradoConnecticutDelawareDistrict of ColumbiaFloridaGeorgiaHawaiiIdahoIllinoisIndianaIowaKansasKentuckyLouisianaMaineMarylandMassachusettsMichiganMinnesotaMississippiMissouriMontanaNebraskaNevadaNew HampshireNew JerseyNew MexicoNew YorkNorth CarolinaNorth DakotaOhioOklahomaOregonPennsylvaniaRhode IslandSouth CarolinaSouth DakotaTennesseeTexasUtahVermontVirginiaWashingtonWest VirginiaWisconsinPuerto Rico
360 Canadian Pharmacy,info@360healthcp.com,(587) 404-0339,360healthcp.com,NO,"2525 36 St NE, Calgary, AB T1Y 5T4, CanadaCalgary, Alberta 2525 36 St NECanada",NO,YES,YES,AlabamaAlaskaArizonaArkansasCaliforniaColoradoConnecticutDelawareDistrict of ColumbiaFloridaGeorgiaHawaiiIdahoIllinoisIndianaIowaKansasKentuckyLouisianaMaineMarylandMassachusettsMichiganMinnesotaMississippiMissouriMontanaNebraskaNevadaNew HampshireNew JerseyNew MexicoNew YorkNorth CarolinaNorth DakotaOhioOklahomaOregonPennsylvaniaRhode IslandSouth CarolinaSouth DakotaTennesseeTexasUtahVermontVirginiaWashingtonWest VirginiaWisconsinWyomingGuamPuerto RicoVirgin IslandsArmed Forces AmericasArmed Forces EuropeArmed Forces Pacific
A Nice Apothecary,info@anicerx.com,(602) 675-0887,anicerx.com,YES,"10210 N 32nd StreetSuite C7Phoenix, Arizona 85028United States",YES,YES,NO,Arizona
A. J. Preckshot Compounding Pharmacy,info@preckshot.com,(309) 679-2047 (Pharmacy can ship medication same-day so the patient will receive next-day),preckshotpharmacy.com,YES,"5832 Knoxville Avenue EPeoria, Illinois 61614United States",YES,YES,NO,AlaskaArizonaColoradoConnecticutFloridaIdahoIllinoisIndianaIowaMaineMinnesotaMissouriNew YorkOhioOklahomaPennsylvaniaRhode IslandSouth DakotaUtahVermontWisconsinWyoming
AAA Compounding Community Pharmacy,"AAACPharmacy@gmail.com, (NO ACTIVE WEBSITE)","(714) 988-6888 (Telephone), (714) 677-2400 (Fax)",,YES,"7921 Westminster AveWestminister, California 92683United States",YES,YES,NO,ArizonaCaliforniaNevadaWashington
Access Medical Pharmacy,Info@accessmedpharmacy.com,(310) 873-6565,accessmedpharmacy.com,YES,"1271 Westwood BlvdLos Angeles, California 90024United States",YES,NO,NO,California
Acrx Specialty Pharmacy,jerry@acrxpharmacy.com,(702) 800-6448,acrxpharmacy.com,YES,"3200 Soaring Gulls DR101Las Vegas, Nevada 89129United States",YES,YES,NO,Nevada
Adv Pharmacy,lazaro@advmedpharmacy.com,(786) 701-3308,advmedpharmacy.com,YES,"3135 Grand AvenueMiami, Florida 33133United States",YES,YES,YES,Florida
Advance Canadian Pharmacy,ask@canadianpharmacy.net,(888) 404 2545,canadianpharmacy.net,NO,"2265 Pembina Hwy, office #27, Winnipeg,1180 Centre Dr, office #4, City of Industry, CA 91789Winnipeg, Walnut, Manitoba Calgary R3T 2H1, 91789Canada",NO,YES,YES,AlabamaAlaskaArizonaCaliforniaColoradoConnecticutDelawareDistrict of ColumbiaFloridaGeorgiaIdahoIllinoisIndianaIowaKansasKentuckyLouisianaMarylandMassachusettsMichiganMinnesotaMississippiMissouriMontanaNebraskaNevadaNew HampshireNew JerseyNew YorkNorth CarolinaNorth DakotaOhioOklahomaOregonPennsylvaniaSouth CarolinaSouth DakotaTennesseeTexasUtahVermontVirginiaWashingtonWest VirginiaWisconsinWyoming
Algood Drugs,algooddrugs@frontier.com,(931) 537-3211,algooddrugs.com,YES,"606 West Main StreetSuite ACookeville, Tennessee 38506United States",YES,YES,YES,Tennessee
All Family Pharmacy,AllFamilyPharmacyBoca@gmail.com,(561) 717-6794,,YES,"3350 NW 2nd AvenueSte A-34Boca Raton, Florida 33496United States",YES,YES,NO,AlabamaAlaskaArizonaArkansasCaliforniaColoradoConnecticutDelawareDistrict of ColumbiaFloridaGeorgiaHawaiiIdahoIllinoisIndianaIowaKansasKentuckyLouisianaMaineMarylandMassachusettsMichiganMinnesotaMississippiMissouriMontanaNebraskaNevadaNew HampshireNew JerseyNew MexicoNew YorkNorth CarolinaNorth DakotaOhioOklahomaOregonPennsylvaniaRhode IslandSouth CarolinaSouth DakotaTennesseeTexasUtahVermontVirginiaWashingtonWest VirginiaWisconsinWyomingGuamPuerto RicoVirgin IslandsArmed Forces AmericasArmed Forces EuropeArmed Forces Pacific
AlldayGeneric,admin@alldaygeneric.com,(972) 462-2533,alldaygeneric.com,NO,"Royal ArcadeSurat, Gujarat 394105India",NO,YES,YES,AlabamaAlaskaArizonaArkansasCaliforniaColoradoConnecticutDelawareDistrict of ColumbiaFloridaGeorgiaHawaiiIdahoIllinoisIndianaIowaKansasKentuckyLouisianaMaineMarylandMassachusettsMichiganMinnesotaMississippiMissouriMontanaNebraskaNevadaNew HampshireNew JerseyNew MexicoNew YorkNorth CarolinaNorth DakotaOhioOklahomaOregonPennsylvaniaRhode IslandSouth CarolinaSouth DakotaTennesseeTexasUtahVermontVirginiaWashingtonWest VirginiaWisconsinWyomingGuamPuerto RicoVirgin IslandsArmed Forces AmericasArmed Forces EuropeArmed Forces Pacific
AlldayMedicare,admin@alldaymedicare.com,(931) 368-8015,alldaymedicare.com,NO,"Riseon Square,Surat, Gujarat 395001India",NO,YES,YES,AlabamaAlaskaArizonaArkansasCaliforniaColoradoConnecticutDelawareDistrict of ColumbiaFloridaGeorgiaHawaiiIdahoIllinoisIndianaIowaKansasKentuckyLouisianaMaineMarylandMassachusettsMichiganMinnesotaMississippiMissouriMontanaNebraskaNevadaNew HampshireNew JerseyNew MexicoNew YorkNorth CarolinaNorth DakotaOhioOklahomaOregonPennsylvaniaRhode IslandSouth CarolinaSouth DakotaTennesseeTexasUtahVermontVirginiaWashingtonWest VirginiaWisconsinWyomingGuamPuerto RicoVirgin IslandsArmed Forces AmericasArmed Forces EuropeArmed Forces Pacific
AlldayPlus,admin@alldayplus.com,(0931) 368-8015,alldayplus.com,NO,"Old Hanuman Ln, Narottam WadiKalbadeviMumbai, Maharashtra 400002India",NO,YES,YES,AlabamaAlaskaArizonaArkansasCaliforniaColoradoConnecticutDelawareDistrict of ColumbiaFloridaGeorgiaHawaiiIdahoIllinoisIndianaIowaKansasKentuckyLouisianaMaineMarylandMassachusettsMichiganMinnesotaMississippiMissouriMontanaNebraskaNevadaNew HampshireNew JerseyNew MexicoNew YorkNorth CarolinaNorth DakotaOhioOklahomaOregonPennsylvaniaRhode IslandSouth CarolinaSouth DakotaTennesseeTexasUtahVermontVirginiaWashingtonWest VirginiaWisconsinWyomingGuamPuerto RicoVirgin IslandsArmed Forces AmericasArmed Forces EuropeArmed Forces Pacific
Alliance Pharmacy Inc.,Alliancerxinc@gmail.com,(718) 413-5008,,YES,"112-21 Farmers Blvd.Jamaica, New York 11412United States",YES,YES,YES,AlabamaAlaskaArizonaArkansasCaliforniaColoradoConnecticutDelawareDistrict of ColumbiaFloridaGeorgiaHawaiiIdahoIllinoisIndianaIowaKansasKentuckyLouisianaMaineMarylandMassachusettsMichiganMinnesotaMississippiMissouriMontanaNebraskaNevadaNew HampshireNew JerseyNew MexicoNew YorkNorth CarolinaNorth DakotaOhioOklahomaOregonPennsylvaniaRhode IslandSouth CarolinaSouth DakotaTennesseeTexasUtahVermontVirginiaWashingtonWest VirginiaWisconsinWyomingGuamPuerto RicoVirgin IslandsArmed Forces AmericasArmed Forces EuropeArmed Forces Pacific
AllMedRx Specialty Pharmacy,info@allmedRx.net,(561) 557-1645,allmedrx.org,YES,"11940 U.S. Hwy 1 NSuite 160Palm Beach Gardens, Florida 33408United States",YES,YES,NO,AlabamaAlaskaArizonaArkansasColoradoConnecticutDelawareFloridaGeorgiaIdahoIllinoisIndianaIowaKansasKentuckyLouisianaMarylandMassachusettsMichiganMinnesotaMississippiMissouriMontanaNebraskaNew JerseyNew MexicoNew YorkNorth DakotaOhioOklahomaOregonPennsylvaniaRhode IslandSouth CarolinaSouth DakotaTennesseeTexasVirginiaWest VirginiaWisconsinWyoming
Allmedsdoor,sales@allmedsdoor.com,(320) 224-9135,allmedsdoor.com,NO,"MumbaiMumbai, Maharashtra 400003India",NO,YES,YES,AlabamaAlaskaArizonaArkansasCaliforniaColoradoConnecticutDelawareDistrict of ColumbiaFloridaGeorgiaHawaiiIdahoIllinoisIndianaIowaKansasKentuckyLouisianaMaineMarylandMassachusettsMichiganMinnesotaMississippiMissouriMontanaNebraskaNevadaNew HampshireNew JerseyNew MexicoNew YorkNorth CarolinaNorth DakotaOhioOklahomaOregonPennsylvaniaRhode IslandSouth CarolinaSouth DakotaTennesseeTexasUtahVermontVirginiaWashingtonWest VirginiaWisconsinWyomingGuamPuerto RicoVirgin IslandsArmed Forces AmericasArmed Forces EuropeArmed Forces Pacific
AmEX Pharmacy,,(800) 644-9431,amexpharmacy.com,YES,"1515 Elizabeth StreetMelbourne, Florida 32901United States",YES,YES,NO,ArizonaColoradoConnecticutDelawareFloridaGeorgiaHawaiiIdahoIllinoisIndianaIowaKansasKentuckyLouisianaMaineMarylandMassachusettsMichiganMinnesotaMississippiMissouriMontanaNew JerseyNew MexicoNew YorkNorth CarolinaNorth DakotaOhioOklahomaOregonPennsylvaniaRhode IslandSouth CarolinaSouth DakotaTennesseeTexasUtahVermontVirginiaWest VirginiaWisconsinWyomingVirgin Islands
Ample Medicine,info@amplemedicine.com,(914) 429-2919,amplemedicine.com,NO,"Shop No 2, Shree Krishna Society, Trolley Line Rd,Ram Nagar, Kanjur Village,Bhandup East, Mumbai,, Maharashtra 400042India",NO,YES,YES,AlabamaAlaskaArizonaArkansasCaliforniaColoradoConnecticutDelawareDistrict of ColumbiaFloridaGeorgiaHawaiiIdahoIllinoisIndianaIowaKansasKentuckyLouisianaMaineMarylandMassachusettsMichiganMinnesotaMississippiMissouriMontanaNebraskaNevadaNew HampshireNew JerseyNew MexicoNew YorkNorth CarolinaNorth DakotaOhioOklahomaOregonPennsylvaniaRhode IslandSouth CarolinaSouth DakotaTennesseeTexasUtahVermontVirginiaWashingtonWest VirginiaWisconsinWyomingGuamPuerto RicoVirgin IslandsArmed Forces AmericasArmed Forces EuropeArmed Forces Pacific
Anderson Compounding Pharmacy,,(423) 764-4136,andersoncompounding.com,YES,"310 Bluff City HwyBristol, Tennessee 37620United States",YES,YES,NO,AlabamaAlaskaArizonaArkansasColoradoConnecticutDelawareFloridaGeorgiaHawaiiIdahoIllinoisIndianaIowaKansasKentuckyLouisianaMaineMarylandMassachusettsMichiganMinnesotaMississippiMissouriMontanaNebraskaNevadaNew HampshireNew JerseyNew MexicoNew YorkNorth CarolinaNorth DakotaOhioOregonPennsylvaniaRhode IslandSouth CarolinaSouth DakotaTennesseeVermontVirginiaWashingtonWest VirginiaWisconsinWyoming
Apogee Bio-Pharm LLC,apogeebiopharmllc@gmail.com,(732) 902-6575,apogeebiopharm.com,YES,"788 Convery BoulevardPerth Amboy, New Jersey 08861United States",YES,YES,YES,AlabamaAlaskaArizonaArkansasCaliforniaColoradoConnecticutDelawareDistrict of ColumbiaFloridaGeorgiaHawaiiIdahoIllinoisIndianaIowaKansasKentuckyMaineMarylandMassachusettsMichiganMinnesotaMississippiMissouriMontanaNebraskaNevadaNew HampshireNew JerseyNew MexicoNew YorkNorth CarolinaNorth DakotaOhioOklahomaOregonPennsylvaniaRhode IslandSouth CarolinaSouth DakotaTennesseeTexasUtahVermontVirginiaWashingtonWest VirginiaWisconsinWyomingGuamPuerto RicoVirgin Islands
Apple Pharmaceuticals,applepharmaceutical@gmail.com,+91 (998) 771-1567,applepharmaceuticals.com,NO,"A-706,7th Floor, Winsway Complex BuildingNo .2,A-Wing Chsl, Off Police Ln,opp. Andheri Railway StationMumbai, Maharashtra 400069India",NO,YES,YES,AlabamaAlaskaArizonaArkansasCaliforniaColoradoConnecticutDelawareDistrict of ColumbiaFloridaGeorgiaHawaiiIdahoIllinoisIndianaIowaKansasKentuckyLouisianaMaineMarylandMassachusettsMichiganMinnesotaMississippiMissouriMontanaNebraskaNevadaNew HampshireNew JerseyNew MexicoNew YorkNorth CarolinaNorth DakotaOhioOklahomaOregonPennsylvaniaRhode IslandSouth CarolinaSouth DakotaTennesseeTexasUtahVermontVirginiaWashingtonWest VirginiaWisconsinWyomingGuamPuerto RicoVirgin IslandsArmed Forces AmericasArmed Forces EuropeArmed Forces Pacific
Arihant Pharma,Arihantpharma999@gmail.com,+91 (989) 252-0017,indiamart.com,NO,"4 m plav margMumbaiMumbai, Maharashtra 400012India",NO,YES,YES,AlabamaAlaskaArizonaArkansasCaliforniaColoradoConnecticutDelawareDistrict of ColumbiaFloridaGeorgiaHawaiiIdahoIllinoisIndianaIowaKansasKentuckyLouisianaMaineMarylandMassachusettsMichiganMinnesotaMississippiMissouriMontanaNebraskaNevadaNew HampshireNew JerseyNew MexicoNew YorkNorth CarolinaNorth DakotaOhioOklahomaOregonPennsylvaniaRhode IslandSouth CarolinaSouth DakotaTennesseeTexasUtahVermontVirginiaWashingtonWest VirginiaWisconsinWyomingGuamPuerto RicoVirgin IslandsArmed Forces AmericasArmed Forces EuropeArmed Forces Pacific
ARX Accurate RX Specialty Pharmacy,arx.efax.scripts@gmail.com,(718) 441-5474,arxspecialtypharmacy.com,YES,"85-48 118th streetKew Gardens, New York 11415United States",YES,NO,NO,AlaskaArizonaConnecticutDelawareFloridaGeorgiaIllinoisMassachusettsMissouriNew JerseyNew YorkPennsylvaniaRhode IslandVermontWashingtonWyoming
Austin Compounding Pharmacy,info@austincompounding.pharmacy,(512) 327-7455,www.austincompounding.pharmacy,YES,"3010 Bee Cave RoadSte 100Austin, Texas 78746United States",YES,YES,NO,Texas
Avid Tradex Pvt Ltd,sales@avidtradex.com,+91 (956) 131-9936,avidtradex.com,NO,"S30 Bharat NagarAmravati RdNagpur, Maharashtra 440012India",NO,YES,YES,AlabamaAlaskaArizonaArkansasCaliforniaColoradoConnecticutDelawareDistrict of ColumbiaFloridaGeorgiaHawaiiIdahoIllinoisIndianaIowaKansasKentuckyLouisianaMaineMarylandMassachusettsMichiganMinnesotaMississippiMissouriMontanaNebraskaNevadaNew HampshireNew JerseyNew MexicoNew YorkNorth CarolinaNorth DakotaOhioOklahomaOregonPennsylvaniaRhode IslandSouth CarolinaSouth DakotaTennesseeTexasUtahVermontVirginiaWashingtonWest VirginiaWisconsinWyomingGuamPuerto RicoVirgin IslandsArmed Forces AmericasArmed Forces EuropeArmed Forces Pacific
AWC Canadian Pharmacy,clinets@awccanadianpharmacy.org,(602) 904-5257,awccanadianpharmacy.org,NO,"1822 Boulvar Dr.Montreal, RC B4U 5U2Canada",NO,YES,YES,AlabamaAlaskaArizonaArkansasCaliforniaColoradoConnecticutDelawareDistrict of ColumbiaFloridaGeorgiaHawaiiIdahoIllinoisIndianaIowaKansasKentuckyLouisianaMaineMarylandMassachusettsMichiganMinnesotaMississippiMissouriMontanaNebraskaNevadaNew HampshireNew JerseyNew MexicoNew YorkNorth CarolinaNorth DakotaOhioOklahomaOregonPennsylvaniaRhode IslandSouth CarolinaSouth DakotaTennesseeTexasUtahVermontVirginiaWashingtonWest VirginiaWisconsinWyomingVirgin Islands
AZ Mix Pharmacy,support@theazmix.com,(602) 975-6241,theazmix.com,YES,"2501 W. Behrend R.Ste. A-11Phoenix, Arizona 850027United States",YES,YES,NO,Arizona
Bayside Pharmacy,info@baysidepharm.com,(814) 877-6785,baysidepharm.com,YES,"300 State StreetSte 102Erie, Pennsylvania 16507United States",YES,YES,NO,Pennsylvania
Baze Canadian Pharmacy,contact@bazepharmacy.com,(888) 227-0644,bazepharmacy.com,NO,"5165 Queen Mary Rd – GR-2Montreal, Quebec H3W 1X7Canada",NO,YES,YES,AlabamaAlaskaArizonaArkansasCaliforniaColoradoConnecticutDelawareDistrict of ColumbiaFloridaGeorgiaIdahoIllinoisIndianaIowaKansasKentuckyLouisianaMarylandMassachusettsMichiganMinnesotaMississippiMissouriMontanaNebraskaNevadaNew HampshireNew JerseyNew MexicoNew YorkNorth CarolinaNorth DakotaOhioOklahomaOregonPennsylvaniaRhode IslandSouth CarolinaSouth DakotaTennesseeTexasUtahVermontVirginiaWashingtonWest VirginiaWisconsinWyoming
Beargrass Gift + Drug,info@beargrassgiftanddrug.com,(406) 897-2613,beargrassgiftanddrug.com,YES,"9 US HWY-2 EColumbia Falls, Montana 59912United States",YES,YES,NO,Montana
Biosync Pharmacy,help@biosyncpharma.com,"+91 (987) 886-5259 (IN), (888) 504-0465 (US)",biosyncpharma.com,NO,"SCF 259 Ground Floor & Basement M. MarketChandigarh, Chandigarh 160101India",NO,YES,YES,AlabamaAlaskaArizonaArkansasCaliforniaColoradoConnecticutDelawareDistrict of ColumbiaFloridaGeorgiaIdahoIllinoisIndianaIowaKansasKentuckyLouisianaMarylandMassachusettsMichiganMinnesotaMississippiMissouriMontanaNebraskaNevadaNew HampshireNew JerseyNew YorkNorth CarolinaNorth DakotaOhioOklahomaOregonPennsylvaniaSouth CarolinaSouth DakotaTennesseeTexasUtahVermontVirginiaWashingtonWest VirginiaWisconsinWyomingPuerto Rico
Bitting's Pharmacy,info@bittingsrx.com,(352) 732-3666,bittingsrx.com,YES,"619 Se 17th StreetOcala, Florida 34471United States",YES,YES,NO,Florida
Boothwyn Pharmacy,,(800) 476-7496,boothwynpharmacy.com,YES,"221 Gale LaneKennett Square, Pennsylvania 19348United States",YES,YES,NO,AlaskaArizonaCaliforniaColoradoConnecticutDistrict of ColumbiaFloridaGeorgiaHawaiiIdahoIllinoisIndianaIowaKansasKentuckyLouisianaMaineMarylandMassachusettsMichiganMinnesotaMississippiMissouriMontanaNebraskaNevadaNew HampshireNew JerseyNew MexicoNew YorkNorth CarolinaNorth DakotaOhioOklahomaOregonPennsylvaniaRhode IslandSouth CarolinaSouth DakotaTennesseeTexasUtahVermontVirginiaWashingtonWest VirginiaWisconsinWyomingPuerto Rico
Break Free Pharmacy,,(561) 268-2552,breakfreepharmacy.com,YES,"West Palm Beach, Florida 33417United States",YES,YES,NO,Florida
Bull Pharmachem,Sales@bullpharmachem.com,+91 (981) 967-8234,oncologydrugsindia.com,NO,"64C Dhansadan,2nd floor, Old hanuman lane,KalbadeviRN 16Mumbai, Maharashtra 400012India",NO,YES,YES,AlabamaAlaskaArizonaArkansasCaliforniaColoradoConnecticutDelawareDistrict of ColumbiaFloridaGeorgiaHawaiiIdahoIllinoisIndianaIowaKansasKentuckyLouisianaMaineMarylandMassachusettsMichiganMinnesotaMississippiMissouriMontanaNebraskaNevadaNew HampshireNew JerseyNew MexicoNew YorkNorth CarolinaNorth DakotaOhioOklahomaOregonPennsylvaniaRhode IslandSouth CarolinaSouth DakotaTennesseeTexasUtahVermontVirginiaWashingtonWest VirginiaWisconsinWyomingGuamPuerto RicoVirgin IslandsArmed Forces AmericasArmed Forces EuropeArmed Forces Pacific
Bushy Run Pharmacy,Bushyrun@mainlinerx.com,(724) 744-3300,mainlinepharmacy.com,YES,"2106 Route 130Harrison City, Pennsylvania 15636United States",YES,YES,NO,Pennsylvania
Buy-Pharma,buy-pharma@genpteltd.com,(800) 518-8104,buy-pharma.md,NO,Afghanistan,NO,NO,YES,AlabamaAlaskaArizonaArkansasCaliforniaColoradoConnecticutDelawareDistrict of ColumbiaFloridaGeorgiaHawaiiIdahoIllinoisIndianaIowaKansasKentuckyLouisianaMaineMarylandMassachusettsMichiganMinnesotaMississippiMissouriMontanaNebraskaNevadaNew HampshireNew JerseyNew MexicoNew YorkNorth CarolinaNorth DakotaOhioOklahomaOregonPennsylvaniaRhode IslandSouth CarolinaSouth DakotaTennesseeTexasUtahVermontVirginiaWashingtonWest VirginiaWisconsinWyomingGuamPuerto RicoVirgin Islands
Camelback Compounding Pharmacy,Camelbackpharmacy@gmail.com,(602) 840-1111,camelrx.com,YES,"4416 E. Camelback Rd.Phoenix, Arizona 85018United States",YES,YES,NO,Arizona
Canadian Apothecary,info@canadianapothecary.com,(519) 439-4100,canapo.ca,YES,"1064 Adelaide Street NLondon, Ontario N5Y2N1United States",NO,YES,YES,AlabamaAlaskaArizonaArkansasCaliforniaColoradoConnecticutDelawareDistrict of ColumbiaFloridaGeorgiaHawaiiIdahoIllinoisIndianaIowaKansasKentuckyLouisianaMaineMarylandMassachusettsMichiganMinnesotaMississippiMissouriMontanaNebraskaNevadaNew HampshireNew JerseyNew MexicoNew YorkNorth CarolinaNorth DakotaOhioOklahomaOregonPennsylvaniaRhode IslandSouth CarolinaSouth DakotaTennesseeTexasUtahVermontVirginiaWashingtonWest VirginiaWisconsinWyomingGuamPuerto RicoVirgin IslandsArmed Forces AmericasArmed Forces EuropeArmed Forces Pacific
Canadian Health&Care Mall Inc.,admin@mycanadianhealthcaremall.com,(323) 794-7289,mycanadianhealthcaremall.com,NO,"4170 Still Creek DrBurnaby, British Columbia V5C 6C6Canada",NO,YES,YES,AlabamaAlaskaArizonaArkansasCaliforniaColoradoConnecticutDelawareDistrict of ColumbiaFloridaGeorgiaHawaiiIdahoIllinoisIndianaIowaKansasKentuckyLouisianaMaineMarylandMassachusettsMichiganMinnesotaMississippiMissouriMontanaNebraskaNevadaNew HampshireNew JerseyNew MexicoNew YorkNorth CarolinaNorth DakotaOhioOklahomaOregonPennsylvaniaRhode IslandSouth CarolinaSouth DakotaTennesseeTexasUtahVermontVirginiaWashingtonWest VirginiaWisconsinWyomingPuerto RicoVirgin Islands
Canadian Pharmacy King,Customerservice@canadianpharmacyking.com,(877) 745-9217,canadianpharmacyking.com,YES,Canada,NO,NO,YES,AlabamaAlaskaArizonaArkansasCaliforniaColoradoConnecticutDelawareDistrict of ColumbiaFloridaGeorgiaHawaiiIdahoIllinoisIndianaIowaKansasKentuckyLouisianaMaineMarylandMassachusettsMichiganMinnesotaMississippiMissouriMontanaNebraskaNevadaNew HampshireNew JerseyNew MexicoNew YorkNorth DakotaOhioOklahomaOregonPennsylvaniaRhode IslandSouth CarolinaSouth DakotaTennesseeTexasUtahVermontVirginiaWashingtonWest VirginiaWisconsinWyomingGuamPuerto RicoVirgin Islands
Canadian Pharmacy Online,support@mycphealth.com,(437) 837-0399,mycphealth.com,NO,"120 Adelaide Street WestSuite 426Toronto, Ontario M5H 1T1Canada",NO,YES,YES,AlabamaAlaskaArizonaArkansasCaliforniaColoradoConnecticutDelawareDistrict of ColumbiaFloridaGeorgiaHawaiiIdahoIllinoisIndianaIowaKansasKentuckyLouisianaMaineMarylandMassachusettsMichiganMinnesotaMississippiMissouriMontanaNebraskaNevadaNew HampshireNew JerseyNew MexicoNew YorkNorth CarolinaNorth DakotaOhioOklahomaOregonPennsylvaniaRhode IslandSouth CarolinaSouth DakotaTennesseeTexasUtahVermontVirginiaWashingtonWest VirginiaWisconsinWyomingGuamPuerto RicoVirgin IslandsArmed Forces AmericasArmed Forces EuropeArmed Forces Pacific
"Capital Compounding, Inc.",team@capital-compounding.com,(240) 802-2092,capital-compounding.com,YES,"4931 Cordell AveSuite 4Bethesda, Maryland 20814United States",YES,YES,NO,District of ColumbiaFloridaMarylandNew YorkVirginia
CaringRX Pharmacy,caringrxpharmacy@gmail.com,(972) 378-4107,caringrxpharmacy.com,YES,"6020 W Parker Rd.Plano, Texas 75093United States",YES,NO,NO,Texas
Carmel Prescription Shop,carmelprescriptionshop@gmail.com,(317) 688-7050,carmelprescriptionshop.com,YES,"Carmel, Indiana 46032United States",YES,YES,NO,IndianaTexas
Central Compounding Center,info@centralcompounding.com,(919) 484-7600,centralcompounding.com,YES,"6224 Fayetteville Rd#104Durham, NorthCarolina 27713United States",YES,NO,NO,North Carolina
Central Drugs Compounding Pharmacy,nayan@centraldrugsrx.com,(562) 691-6754,centraldrugsrx.com,YES,"520 W. La Habra BlvdLa Habra, California 90631United States",YES,YES,NO,ArizonaArkansasCaliforniaColoradoConnecticutFloridaGeorgiaHawaiiIllinoisIndianaMichiganMinnesotaMissouriMontanaNevadaNew JerseyNew MexicoNew YorkNorth CarolinaOhioOklahomaOregonPennsylvaniaTennesseeTexasUtahVirginiaWashingtonWest VirginiaWisconsinPuerto Rico
Central Ohio Compounding Pharmacy,tony.buchta@cocprx.com,(614) 847-0109,cocprx.com,YES,"5625 N High St Ste 1Worthington, Ohio 43085United States",YES,YES,NO,Ohio
Cherry Street Pharmacy,support@cherryrx.com,(559) 234-2112,cherryrx.com,YES,"1028N Cherry StreetTulare, California 93274United States",YES,YES,NO,California
Clinical Compound Pharmacy,info@clinicalcompound.com,(239) 331-3441,clinicalcompound.com,YES,"2616 Tamiami Trl NNaples, Florida 34103United States",YES,YES,NO,ColoradoFloridaIllinoisMichiganPennsylvania
College Park Pharmacy,pharmacist@collegeparkrx.com,(423) 586-0721,collegeparkrx.com,YES,"2106 E Andrew Johnson HWYMORRISTOWN, Tennessee 37814United States",YES,YES,NO,Tennessee
College Pharmacy,customerservice@collegepharmacy.com,(800) 888-9358,collegepharmacy.com,YES,"3505 Austin Bluffs ParkwaySuite 101Colorado Springs, Colorado 80918United States",YES,YES,YES,AlabamaAlaskaArizonaArkansasCaliforniaColoradoConnecticutDelawareDistrict of ColumbiaFloridaGeorgiaHawaiiIdahoIllinoisIndianaIowaKansasKentuckyLouisianaMassachusettsMinnesotaMissouriMontanaNebraskaNevadaNew JerseyNew MexicoNew YorkNorth DakotaOhioOklahomaOregonPennsylvaniaRhode IslandSouth CarolinaSouth DakotaTennesseeTexasUtahVirginiaWashingtonWest VirginiaWisconsinWyomingGuamPuerto RicoVirgin Islands
Columbia Compounding,info@columbiacompounding.com,(360) 217-4250,columbiacompounding.com,YES,"12119 NE 99th StSte. 2030Vancouver, Washington 98682United States",YES,YES,NO,OregonWashington
CompoundLabs NZ Ltd,info@compoundlabs.co.nz,+64 94421727,CompoundLabs.co.nz,YES,"62C Diana DriveWairau Valley, Auckland 0627New Zealand",NO,NO,NO,Armed Forces Pacific
CoroShield Store,coroshield.store@gmail.com,(209) 312-6211,coroshield.store,NO,"CoroShield StoreAndheriMumbai, Maharashtra 400053India",NO,YES,YES,AlabamaAlaskaArizonaArkansasCaliforniaColoradoConnecticutDelawareDistrict of ColumbiaFloridaGeorgiaHawaiiIdahoIllinoisIndianaIowaKansasKentuckyLouisianaMaineMarylandMassachusettsMichiganMinnesotaMississippiMissouriMontanaNebraskaNevadaNew HampshireNew JerseyNew MexicoNew YorkNorth CarolinaNorth DakotaOhioOklahomaOregonPennsylvaniaRhode IslandSouth CarolinaSouth DakotaTennesseeTexasUtahVermontVirginiaWashingtonWest VirginiaWisconsinWyomingGuamPuerto RicoVirgin IslandsArmed Forces AmericasArmed Forces EuropeArmed Forces Pacific
Crosetti Health and Wellness,sean@crosettis.com,(816) 847-6930,crosettis.com,YES,"510 S Main StreetPO BOX 2983Grain Valley, Missouri 64029United States",YES,NO,NO,Missouri
Custom Health Pharmacy,info@customhealthpharmacy.com,(920) 994-7345,customhealthpharmacy.com,YES,"844 Willard DrSte 7Green Bay, Wisconsin 54304United States",YES,YES,NO,Wisconsin
Custom Prescriptions of Lancaster,diane@customscripts.us,(717) 393-0518,customscripts.us,YES,"902 N Duke StLancaster, Pennsylvania 17602United States",YES,YES,NO,DelawareDistrict of ColumbiaMarylandNew JerseyNew YorkOhioPennsylvania
Custom RX Pharmacy and Wellness Concepts,patient@customrx.net; physician@customrx.net,(855) 287-6879,customrx.net,YES,"3510 Ridge RdSuite #900Wichita, Kansas 67205United States",YES,YES,NO,ArizonaArkansasCaliforniaColoradoDelawareDistrict of ColumbiaFloridaGeorgiaIdahoIllinoisIndianaIowaKansasKentuckyLouisianaMaineMassachusettsMichiganMinnesotaMississippiMissouriMontanaNebraskaNevadaNew HampshireNew JerseyNew MexicoNew YorkNorth DakotaOhioOklahomaOregonPennsylvaniaRhode IslandSouth CarolinaSouth DakotaTennesseeTexasUtahVermontVirginiaWashingtonWest VirginiaWisconsinWyomingVirgin Islands
Dalcoma Specialty Pharmacy,dalcomapharmacy@gmail.com,(586) 697-3877,dalcomarx.com,YES,"43337 Schoenherr RoadSterling Heights, Michigan 48313United States",YES,YES,NO,MichiganVirginia
DCA Pharmacy,info@dcapharmacy.com,(615) 832-7232,dcapharmacy.com,YES,"233 Bedford WayFranklin, Tennessee 37064United States",YES,YES,NO,AlabamaArizonaArkansasColoradoFloridaGeorgiaIllinoisIndianaIowaKansasKentuckyLouisianaMarylandMinnesotaMississippiMissouriNebraskaNevadaNew JerseyNew YorkOhioOklahomaOregonPennsylvaniaTennesseeTexasVirginiaWest VirginiaWisconsinWyoming
Des Moines Pharmacy,Desmoinesrx@outlook.com,(206) 878-2345,,YES,"627 S 227th StDes Moines, Washington 98198United States",YES,YES,NO,Washington
Dilworth Drug,ross@dilworthdrug.com,(704) 910-4288,dilworthdrug.com,YES,"1300-B East BlvdCharlotte, North Carolina 28203United States",YES,YES,NO,North Carolina
Don Coody Pharmacy,dcrx@ymail.com,(405) 789-8921,,YES,"7530 NW 23rd StreetSte BBethany, Oklahoma 73008United States",YES,NO,NO,Oklahoma
Drug Mart Pharmacy,info@shopdrugmart.com,(800) 991-0310,drugmartpharmacy.com,YES,"1249 W. 7th StreetSouth Plainfield, New Jersey 07080United States",YES,YES,NO,New JerseyNew YorkPennsylvania
DSD Pharmacy,info@dsdpharmacy.org,(980) 320-1533,dsdpharmacy.org,YES,"DSD Pharmacy1401 E. Franklin BlvdGastonia, North Carolina 28054United States",YES,YES,NO,North Carolina
Eastern States Compounding Pharmacy,info@easternstatesrx.com,(603) 444-0094,easternstatescompounding.com,YES,"338 Union StLittleton, New Hampshire 03561United States",YES,YES,NO,CaliforniaConnecticutFloridaMaineMassachusettsNew HampshireNew YorkRhode IslandVermont
Easton Specialty Pharmacy,EASTONRX1@GMAIL.COM,(484) 600-6666,eastonspecialtypharmacy.com,YES,"2024 Lehigh StreetEaston, Pennsylvania 18042United States",YES,YES,NO,Pennsylvania
Edgewood Pharmacy,edwoodrx1@gmail.com,(281) 993-4779,mygnp.com,YES,"186 S Friendswood Dr.Friendswood, Texas 77546United States",YES,YES,NO,Texas
Enexia Specialty pharmacy,Compounding@enexiaspecialty.com,(718) 556-0942,Enexiaspecialty.com,YES,"252 Port Richmond AvenueStaten Island, New York 10302United States",YES,YES,YES,AlabamaAlaskaArizonaArkansasCaliforniaColoradoConnecticutDelawareDistrict of ColumbiaFloridaGeorgiaHawaiiIdahoIllinoisIndianaIowaKansasKentuckyLouisianaMaineMarylandMassachusettsMichiganMinnesotaMississippiMissouriMontanaNebraskaNevadaNew HampshireNew JerseyNew MexicoNew YorkNorth CarolinaNorth DakotaOhioOklahomaOregonPennsylvaniaRhode IslandSouth CarolinaSouth DakotaTennesseeTexasUtahVermontVirginiaWashingtonWest VirginiaWisconsinWyomingPuerto RicoVirgin Islands
Enovex Pharmacy,info@enovexrx.com,(818) 696-2501,enovex.com,YES,"1111 N Brand BoulevardSte. MGlendale, California 91202United States",YES,YES,NO,CaliforniaColoradoConnecticutIllinoisNevadaNorth CarolinaPennsylvaniaWashingtonWisconsin
Erie Pharmacy,effsedelmyer@gmail.comm,(814) 232-2855,eriepharmacy.com,YES,"Erie, Pennsylvania 16505United States",YES,YES,NO,Pennsylvania
Everwell Specialty Pharmacy,info@EverwellRx.com,(855) 507-2560,everwellrx.com,YES,"6506 N Davis HwyPensacola, Florida 32504United States",YES,YES,NO,AlabamaAlaskaArizonaArkansasColoradoDelawareFloridaGeorgiaIdahoIllinoisIndianaKentuckyMichiganMississippiMissouriNew HampshireNew YorkNorth CarolinaOhioSouth CarolinaTennessee
Family Care Pharmacy,,(813) 659-9777,familycarepharmacy.org,YES,"Plant City, Florida 33563United States",YES,YES,NO,Florida
Farmacia Del Nino,info@farmaciasdelnino.mx,(830) 309-5389 & (01152) (877) 772-8326,farmaciasdelnino.mx,NO,"Calle V. Guerrro 105, Zona Centro 26200 CdAcuna, CoahMexico",NO,YES,YES,AlabamaAlaskaArizonaArkansasCaliforniaColoradoConnecticutDelawareDistrict of ColumbiaFloridaGeorgiaHawaiiIdahoIllinoisIndianaIowaKansasKentuckyLouisianaMaineMarylandMassachusettsMichiganMinnesotaMississippiMissouriMontanaNebraskaNevadaNew HampshireNew JerseyNew MexicoNew YorkNorth CarolinaNorth DakotaOhioOklahomaOregonPennsylvaniaRhode IslandSouth CarolinaSouth DakotaTennesseeTexasUtahVermontVirginiaWashingtonWest VirginiaWisconsinWyomingGuamPuerto RicoVirgin Islands
First Care Pharmacy,help@firstcareproducts.com,(917) 764-9989,firstcareproducts.com,NO,"18 Soho SquareLondon, London W1D 3QLUnited Kingdom",NO,YES,YES,AlabamaAlaskaArizonaArkansasCaliforniaColoradoConnecticutDelawareDistrict of ColumbiaFloridaGeorgiaHawaiiIdahoIllinoisIndianaIowaKansasKentuckyLouisianaMaineMarylandMassachusettsMichiganMinnesotaMississippiMissouriMontanaNebraskaNevadaNew HampshireNew JerseyNew MexicoNew YorkNorth CarolinaNorth DakotaOhioOklahomaOregonPennsylvaniaRhode IslandSouth CarolinaSouth DakotaTennesseeTexasUtahVermontVirginiaWashingtonWest VirginiaWisconsinWyomingGuamPuerto RicoVirgin Islands
Flanders Pharmacy,flanderspharmacy@gmail.com,(504) 722-4171,,YES,"9124 SE St Helens StClackamas, Oregon 97015United States",YES,YES,NO,OregonWashington
Four Corners Compounding Pharmacy,fourcornersdrugstore@gmail.com,(480) 534-1797,pharmacyaz.com,YES,"21321 E Ocotillo RdSuite b-108Queen Creek, Arizona 85142United States",YES,NO,NO,ArizonaNew MexicoTexas
Fred Meyer,jeffrey.temple@fredmeyer.com,(541) 474-7234,fredmeyer.com,YES,"1101 Grants Pass ParkwayGrants Pass, Oregon 97526United States",YES,YES,NO,Oregon
Fresh Pharmacy,,(865) 988-0000,freshdrugs.com,YES,"721 Hwy 321 NorthLenoir City, Tennessee 37771United States",YES,YES,NO,Tennessee
Fusion Pharmaceuticals,mediagroupteam123@gmail.com,(813) 540-0066,rxfusion.net,YES,"28821 US Hwy 19 NClearwater, Florida 33761United States",YES,YES,NO,AlaskaArizonaArkansasColoradoConnecticutDelawareDistrict of ColumbiaFloridaGeorgiaHawaiiIdahoIllinoisIndianaIowaKansasLouisianaMaineMarylandMassachusettsMichiganMinnesotaMississippiMissouriMontanaNebraskaNevadaNew HampshireNew JerseyNew MexicoNew YorkNorth CarolinaNorth DakotaOhioOklahomaOregonPennsylvaniaRhode IslandSouth CarolinaSouth DakotaTennesseeTexasUtahVermontVirginiaWashingtonWest VirginiaWisconsinWyoming
Fusion Specialty Pharmacy,flccc@rx-fusion.com,(435) 703-9680,fusionspecialtypharmacy.com,YES,"1100 Canyon View Dr, Ste C and 617 E Riverside DriveSte. 104Santa Clara, Utah 84765/84790United States",YES,YES,NO,AlaskaArizonaCaliforniaColoradoFloridaGeorgiaHawaiiIndianaMichiganMinnesotaMissouriMontanaNevadaNew JerseyNew YorkNorth CarolinaOhioOregonPennsylvaniaSouth CarolinaTexasUtahVirginiaWashingtonWyoming
Garfield Pharmacy,Info@garfieldrx.com,(310) 274-0144,garfieldrx.com,YES,"9400 Brighton WayBeverly Hills, California 90210United States",YES,YES,YES,California
Generic Cures,genericcures@gmail.com,+91(786) 383-1938,genericcures.com,NO,"MumbaiMumbai, Maharashtra 400003India",NO,YES,YES,AlabamaAlaskaArizonaArkansasCaliforniaColoradoConnecticutDelawareDistrict of ColumbiaFloridaGeorgiaHawaiiIdahoIllinoisIndianaIowaKansasKentuckyLouisianaMaineMarylandMassachusettsMichiganMinnesotaMississippiMissouriMontanaNebraskaNevadaNew HampshireNew JerseyNew MexicoNew YorkNorth CarolinaNorth DakotaOhioOklahomaOregonPennsylvaniaRhode IslandSouth CarolinaSouth DakotaTennesseeTexasUtahVermontVirginiaWashingtonWest VirginiaWisconsinWyomingGuamPuerto RicoVirgin IslandsArmed Forces AmericasArmed Forces EuropeArmed Forces Pacific
GenericForce,admin@genericforce.com,(931) 368-8015,genericforce.com,NO,"Riseon SquareSurat, Gujarat 395001India",NO,YES,YES,AlabamaAlaskaArizonaArkansasCaliforniaColoradoConnecticutDelawareDistrict of ColumbiaFloridaGeorgiaHawaiiIdahoIllinoisIndianaIowaKansasKentuckyLouisianaMaineMarylandMassachusettsMichiganMinnesotaMississippiMissouriMontanaNebraskaNevadaNew HampshireNew JerseyNew MexicoNew YorkNorth CarolinaNorth DakotaOhioOklahomaOregonPennsylvaniaRhode IslandSouth CarolinaSouth DakotaTennesseeTexasUtahVermontVirginiaWashingtonWest VirginiaWisconsinWyomingGuamPuerto RicoVirgin IslandsArmed Forces AmericasArmed Forces EuropeArmed Forces Pacific
Genmedicare,admin@genmedicare.com,(972) 462-2533,genmedicare.com,NO,"Royal ArcadeSurat, Gujarat 394105India",NO,YES,YES,AlabamaAlaskaArizonaArkansasCaliforniaColoradoConnecticutDelawareDistrict of ColumbiaFloridaGeorgiaHawaiiIdahoIllinoisIndianaIowaKansasKentuckyLouisianaMaineMarylandMassachusettsMichiganMinnesotaMississippiMissouriMontanaNebraskaNevadaNew HampshireNew JerseyNew MexicoNew YorkNorth CarolinaNorth DakotaOhioOklahomaOregonPennsylvaniaRhode IslandSouth CarolinaSouth DakotaTennesseeTexasUtahVermontVirginiaWashingtonWest VirginiaWisconsinWyomingGuamPuerto RicoVirgin IslandsArmed Forces AmericasArmed Forces EuropeArmed Forces Pacific
Gibbs Pharmacy,mark.gibbspharmacy@gmail.com,(615) 449-3355,gibbspharmacy.net,YES,"1427b West Baddour ParkwayLebanon, Tennessee 37087United States",YES,YES,NO,Tennessee
Gibson's Pharmacy & Compounding,gibsonpharm@gmail.com,(801) 262-5526,gibsonspharmacyrx.com,YES,"240 E Winchester StreetMurray, Utah 84107United States",YES,YES,NO,Utah
Gloria Pharmacy,gloria_pharmacy_krasy@yahoo.com,(708) 716-3008,,YES,"8336 W. Lawrence aveNorridge, Illinois 60706United States",YES,YES,NO,AlabamaAlaskaArizonaArkansasCaliforniaColoradoConnecticutDelawareDistrict of ColumbiaFloridaGeorgiaHawaiiIdahoIllinoisIndianaIowaKansasKentuckyLouisianaMaineMarylandMassachusettsMichiganMinnesotaMississippiMissouriMontanaNebraskaNevadaNew HampshireNew JerseyNew MexicoNew YorkNorth CarolinaNorth DakotaOhioOklahomaOregonPennsylvaniaRhode IslandSouth CarolinaSouth DakotaTennesseeTexasUtahVermontVirginiaWashingtonWest VirginiaWisconsinWyomingGuamPuerto RicoVirgin IslandsArmed Forces Pacific
Golden Hills Pharmacy,goldenhillspharmacy@gmail.com,(352) 351-3784,goldenhillspharmacy.com,YES,"6998 US-27#104Ocala, Florida 34482United States",YES,YES,NO,Florida
Greenbusch Pharmacy,,(832) 437-1130,greenbuschrx.com,YES,"Katy, Texas 77494United States",YES,YES,NO,Texas
GreenLeaf Apothecary,info@mygreenleafrx.com,(317) 436-8328,mygreenleafrx.com,YES,"12574 Promise Creek LnSte 134Fishers, Indiana 46038United States",YES,YES,NO,Indiana
Gulf Care Pharmacy,gulfcarepharmacy@gmail.com,(941) 500-1066,gulfcarepharmacy.com,YES,"Bradenton, Florida 32402United States",YES,YES,NO,Florida
Harbor Health & Apothecary,info@harborhealth.net,(253) 525-1362,harborhealth.net,YES,"3216 Judson StreetUnit AGig Harbor, Washington 98335United States",YES,NO,NO,Washington
Hayat Pharmacy,hzaibak@hayatrx.com,(414) 483-0000,hayatrx.com,YES,"807 W Layton AveSuite AMilwaukee, Wisconsin 53221United States",YES,YES,NO,Wisconsin
HB Pharmacy,pharmacist@hbpharmacy.com,(201) 997-2010,hbpharmacy.com,YES,"98 Ridge RoadNorth Arlington, New Jersey 07031United States",YES,YES,NO,AlabamaAlaskaArizonaArkansasCaliforniaColoradoConnecticutDelawareDistrict of ColumbiaFloridaGeorgiaHawaiiIdahoIllinoisIndianaIowaKansasKentuckyLouisianaMaineMarylandMassachusettsMichiganMinnesotaMississippiMissouriMontanaNebraskaNevadaNew HampshireNew JerseyNew MexicoNew YorkNorth CarolinaNorth DakotaOhioOklahomaOregonPennsylvaniaRhode IslandSouth CarolinaSouth DakotaTennesseeTexasUtahVermontVirginiaWashingtonWest VirginiaWisconsinWyoming
Health & Wellness Compounding Pharmacy,,(615) 383-3784,myhwcp.com,YES,"329 21st Ave NorthNashville, Tennessee 37203United States",YES,YES,NO,ColoradoDistrict of ColumbiaIndianaKentuckyMarylandNorth Carolina
Health Dimensions Rx,rxcare@hdrx.com,(800) 836-2303,hdrx.com,YES,"Farmington Hills, Michigan 48331United States",YES,YES,NO,IllinoisIndianaMichiganOhioWisconsin
Health One Pharmacy,healthonepharmacy@outlook.com,(214) 469-2244,healthrx.com,YES,"3800 Main StreetSte #102The Colony, Texas 75056United States",YES,YES,NO,Texas
Healthwell Pharmacy,hwp1426@gmail.com,(352) 304-6663,HEALTHWELLPHARMACY.NET,YES,"1426 S Pine AveOcala, Florida 34471United States",YES,YES,NO,ArizonaConnecticutFloridaGeorgiaNew JerseyPennsylvania
Honeybee Health,,(833) 466-3979,honeybeehealth.com,YES,"Culver City, CaliforniaUnited States",YES,NO,NO,AlabamaAlaskaArizonaArkansasCaliforniaColoradoConnecticutDelawareFloridaGeorgiaHawaiiIdahoIllinoisIndianaIowaKansasKentuckyLouisianaMaineMarylandMassachusettsMichiganMinnesotaMississippiMissouriMontanaNebraskaNevadaNew HampshireNew JerseyNew MexicoNew YorkNorth CarolinaNorth DakotaOhioOklahomaOregonPennsylvaniaRhode IslandSouth CarolinaSouth DakotaTennesseeTexasUtahVermontVirginiaWashingtonWest VirginiaWisconsinWyoming
Indiamart,customercare@indiamart.com,+91 (969) 696-9696,indiamart.com,NO,MumbaiIndia,NO,NO,YES,AlabamaAlaskaArizonaArkansasCaliforniaColoradoConnecticutDelawareDistrict of ColumbiaFloridaGeorgiaHawaiiIdahoIllinoisIndianaIowaKansasKentuckyLouisianaMaineMarylandMassachusettsMichiganMinnesotaMississippiMissouriMontanaNebraskaNevadaNew HampshireNew JerseyNew MexicoNew YorkNorth CarolinaNorth DakotaOhioOklahomaOregonPennsylvaniaRhode IslandSouth CarolinaSouth DakotaTennesseeTexasUtahVermontVirginiaWashingtonWest VirginiaWisconsinWyomingGuamPuerto RicoVirgin Islands
Inhouse Pharmacy,customerservices@inhousepharmacy.vu,(800) 868-9064,inhousepharmacy.vu,NO,Porta VilaVanuatu,NO,NO,YES,AlabamaAlaskaArizonaArkansasCaliforniaColoradoConnecticutDelawareDistrict of ColumbiaFloridaGeorgiaHawaiiIdahoIllinoisIndianaIowaKansasKentuckyLouisianaMaineMarylandMassachusettsMichiganMinnesotaMississippiMissouriMontanaNebraskaNevadaNew HampshireNew JerseyNew MexicoNew YorkNorth CarolinaNorth DakotaOhioOklahomaOregonPennsylvaniaRhode IslandSouth CarolinaSouth DakotaTennesseeTexasUtahVermontVirginiaWashingtonWest VirginiaWisconsinWyomingGuamPuerto RicoVirgin Islands
"Innovative Medpaks Pharmacy , LLC",info@cambylowcostpharmacy.com,(317) 845-9820,,YES,"11954 Fishers Crossing DrFishers, Indiana 46038United States",YES,YES,NO,Indiana
Invictus Speciality Pharmacy,info@invictuspharmacy.com,(212) 380-6866,invictuspharmacy.com,YES,"60 Essex St.Rochelle Park, New Jersey 07662United States",YES,YES,NO,AlabamaArizonaArkansasCaliforniaColoradoConnecticutDelawareFloridaGeorgiaIdahoIllinoisIndianaIowaKansasKentuckyLouisianaMaineMarylandMassachusettsMichiganMinnesotaMississippiMissouriMontanaNebraskaNevadaNew HampshireNew JerseyNew MexicoNew YorkNorth CarolinaNorth DakotaOhioOklahomaOregonPennsylvaniaRhode IslandSouth CarolinaSouth DakotaTennesseeTexasUtahVermontVirginiaWashingtonWest VirginiaWisconsinWyomingVirgin Islands
J Kohll RX Compounding,jkrx@kohllspmc.com,(402) 408-0015,jkohllrx.com,YES,"13110 W Dodge RD Suite BOmaha, Nebraska 68154United States",YES,YES,NO,ColoradoNebraska
Joshua Brown Family Pharmacy,pharmacist@joshuabrownrx.com,(615) 866-9360,joshuabrownrx.com,YES,"8056 HWY 100Nashville, Tennessee 37221United States",YES,NO,NO,Tennessee
K & J Global Pharmacy (DBA) Global Medical Services LLC,kudogu@gmail.com,(872) 208-6171,kjglobalpharmacy.com,YES,"15420 South Route 59Ste 108Plainfield, Illinois 60544United States",YES,YES,NO,AlabamaAlaskaArizonaArkansasCaliforniaColoradoConnecticutDelawareDistrict of ColumbiaFloridaGeorgiaHawaiiIdahoIllinoisIndianaIowaKansasKentuckyLouisianaMaineMarylandMassachusettsMichiganMinnesotaMississippiMissouriMontanaNebraskaNevadaNew HampshireNew JerseyNew MexicoNew YorkNorth CarolinaNorth DakotaOhioOklahomaOregonPennsylvaniaRhode IslandSouth CarolinaSouth DakotaTennesseeTexasUtahVermontVirginiaWashingtonWest VirginiaWisconsinWyomingGuamPuerto RicoVirgin IslandsArmed Forces AmericasArmed Forces EuropeArmed Forces Pacific
Kachhela Medex Private Limited,kmpl1015@gmail.com,(909) 649-7504,medicinesdropshipper.com,NO,"H.No. 193, W. No. 33, 3rd Floor, Shop no. 335, Sandesh Dawa BazarNear Haj House, Ganjipeth,Nagpur, Maharashtra 440018India",NO,NO,YES,AlabamaAlaskaArizonaArkansasCaliforniaColoradoConnecticutDelawareDistrict of ColumbiaFloridaGeorgiaHawaiiIdahoIllinoisIndianaIowaKansasKentuckyLouisianaMaineMarylandMassachusettsMichiganMinnesotaMississippiMissouriMontanaNebraskaNevadaNew HampshireNew JerseyNew MexicoNew YorkNorth CarolinaNorth DakotaOhioOklahomaOregonPennsylvaniaRhode IslandSouth CarolinaSouth DakotaTennesseeTexasUtahVermontVirginiaWashingtonWest VirginiaWisconsinWyomingGuamPuerto RicoVirgin IslandsArmed Forces AmericasArmed Forces EuropeArmed Forces Pacific
Kare Pharmacy & Compounding,Pharmacist@kare-rx.com,(434) 792-8281,kare-rx.com,YES,"411 Park AveDanville, Virginia 24541United States",YES,YES,NO,AlaskaArizonaColoradoDelawareFloridaGeorgiaIllinoisKentuckyMassachusettsMinnesotaNew JerseyNew YorkNorth CarolinaOhioSouth CarolinaTennesseeVermontVirginiaWest VirginiaWyoming
Kay Biotech Private Limited,info@kaybiotech.com,+91 9311694328,kay-biotech.com,NO,New DehliIndia,NO,NO,YES,AlabamaAlaskaArizonaArkansasCaliforniaColoradoConnecticutDelawareDistrict of ColumbiaFloridaGeorgiaHawaiiIdahoIllinoisIndianaIowaKansasKentuckyLouisianaMaineMarylandMassachusettsMichiganMinnesotaMississippiMissouriMontanaNebraskaNevadaNew HampshireNew JerseyNew MexicoNew YorkNorth CarolinaNorth DakotaOhioOklahomaOregonPennsylvaniaRhode IslandSouth CarolinaSouth DakotaTennesseeTexasUtahVermontVirginiaWashingtonWest VirginiaWisconsinWyomingGuamPuerto RicoVirgin Islands
Keaveny Drug Winsted,deborah.keaveny@gmail.com,(320) 485-2555,keavenydrug.com,YES,"150 Main Ave WWinsted, Minnesota 55395United States",YES,YES,NO,Minnesota
Keshavdas and Sons Pharmaceutical Traders,importexjunction@gmail.com,"+91(928) 423-9314/ +91 (880) 600-1214 (WhatsApp/Signal for both numbers, alternative secondary number)",onlinemedexport.com,NO,"1st floor, Laxmi Photo StudioBhim Chowk , JaripatkaNagpur, Maharashtra 440014India",NO,YES,YES,AlabamaAlaskaArizonaArkansasCaliforniaColoradoConnecticutDelawareDistrict of ColumbiaFloridaGeorgiaHawaiiIdahoIllinoisIndianaMississippiMissouriMontanaNebraskaNevadaNew HampshireNew JerseyNew MexicoNew YorkNorth CarolinaNorth DakotaOhioOklahomaOregonPennsylvaniaRhode IslandSouth CarolinaSouth DakotaTexasUtahVirginiaWashingtonWest VirginiaWisconsinWyomingGuamPuerto RicoVirgin IslandsArmed Forces AmericasArmed Forces EuropeArmed Forces Pacific
LA Anjaney Ventures,laanjaney@gmail.com,+918401618001,laanjaney.com,NO,"A-125, City Center ArcadeNarodaAhmedabad, Gujarat 382346India",NO,NO,YES,AlabamaAlaskaArizonaArkansasCaliforniaColoradoConnecticutDelawareDistrict of ColumbiaFloridaGeorgiaHawaiiIdahoIllinoisIndianaIowaKansasKentuckyLouisianaMaineMarylandMassachusettsMichiganMinnesotaMississippiMissouriMontanaNebraskaNevadaNew HampshireNew JerseyNew MexicoNew YorkNorth CarolinaNorth DakotaOhioOklahomaOregonPennsylvaniaRhode IslandSouth CarolinaSouth DakotaTennesseeTexasUtahVermontVirginiaWashingtonWest VirginiaWisconsinWyomingGuamPuerto RicoVirgin IslandsArmed Forces AmericasArmed Forces EuropeArmed Forces Pacific
Lake Country Compounding & Wellness,mypharmacist@lakecountrypharmacy.com,(762) 777-7001,lakecountrypharmacy.com,YES,"121 Harmony CrossingSte 3Eatonton, Georgia 31024United States",YES,YES,NO,Georgia
Lake Elmo Pharmacy,lep@lakeelmopharmacy.com,(651) 773-0701,lakeelmopharmacy.com,YES,"11240 Stillwater Blvd NLake Elmo, Minnesota 55042United States",YES,YES,NO,AlaskaColoradoFloridaIowaMassachusettsMinnesotaNew MexicoNew YorkNorth CarolinaNorth DakotaOhioSouth DakotaWisconsin
"Langdon's Apothecary, Inc.",colonial@roadrunner.com,(315) 768-0900,langdonrx.com,YES,"100 Main StWhitesboro, New York 13492United States",YES,YES,NO,New York
Loganville Drugs,store157@pharmfoodgroup.com,(678) 292-6243,,YES,"257 Main St.Loganville, Georgia 30052United States",YES,NO,NO,Georgia
Louderback Drug,,(402) 454-2525,,YES,"Madison, NebraskaUnited States",YES,YES,NO,Nebraska
Mainline Pharmacy Blairsville,covid@mainlinerx.com,(724) 459-7400,mainlinepharmacy.com,YES,"135 E Market StSuite 100Blairsville, Pennsylvania 15717United States",YES,YES,NO,Pennsylvania
Mainline Pharmacy Ebensburg,covid@mainlinerx.com,(814) 472-9390,mainlinepharmacy.com,YES,"3720 New Germany RdEbensburg, Pennsylvania 15931United States",YES,YES,NO,Pennsylvania
Mainline Pharmacy Murrysville,covid@mainlinerx.com,(724) 327-6611,mainlinepharmacy.com,YES,"3907 Old William Penn HighwayMurrysville, Pennsylvania 15668United States",YES,YES,NO,Pennsylvania
Mainline Pharmacy Somerset,covid@mainlinerx.com,(814) 445-6511,mainlinepharmacy.com,YES,"168 W Main StSomerset, Pennsylvania 15501United States",YES,YES,NO,Pennsylvania
Marble Hill Pharmacy Corp.,marblehillpharmacy@yahoo.com,(718) 562-5200,marblehillpharmacy.com,YES,"5243 BroadwayBronx, New York 10463United States",YES,YES,NO,New York
Marty’s Pharmacy and Compounding Center,rph@martyspharmacy.com,(601) 932-2027,Martyspharmacy.com,YES,"1042 River Oaks DriveFlowood, Mississippi 39232United States",YES,YES,NO,Mississippi
Medford Pharmacy,Medfordpharmacy@gmail.com,(609) 654-6884,kresspharmacy.com,YES,"639 Stokes RoadSuite 101Medford, New Jersey 08055United States",YES,YES,NO,New Jersey
Medicap Pharmacy,8287@medicap.com,(936) 494-4002,medicap.com,YES,"2105 W Davis St.Ste. AConroe, Texas 77304United States",YES,YES,NO,AlabamaAlaskaArizonaArkansasCaliforniaColoradoConnecticutDelawareDistrict of ColumbiaFloridaGeorgiaHawaiiIdahoIllinoisIndianaIowaKansasKentuckyLouisianaMaineMarylandMassachusettsMichiganMinnesotaMississippiMissouriMontanaNebraskaNevadaNew HampshireNew JerseyNew MexicoNew YorkNorth CarolinaNorth DakotaOhioOklahomaOregonPennsylvaniaRhode IslandSouth CarolinaSouth DakotaTennesseeTexasUtahVermontVirginiaWashingtonWest VirginiaWisconsinWyomingGuamPuerto RicoVirgin IslandsArmed Forces AmericasArmed Forces EuropeArmed Forces Pacific
Medicine Counter Pharmacy,gomedicinecounter@gmail.com,423-680-7373,business.site,YES,"5506 Hwy 153Ste 102Chattanooga, Tennessee 37343United States",YES,YES,NO,AlabamaAlaskaArizonaArkansasCaliforniaColoradoConnecticutDelawareDistrict of ColumbiaFloridaGeorgiaHawaiiIdahoIllinoisIndianaIowaKansasKentuckyLouisianaMaineMarylandMassachusettsMichiganMinnesotaMississippiMissouriMontanaNebraskaNevadaNew HampshireNew JerseyNew MexicoNew YorkNorth CarolinaNorth DakotaOhioOklahomaOregonPennsylvaniaRhode IslandSouth CarolinaSouth DakotaTennesseeTexasUtahVermontVirginiaWashingtonWest VirginiaWisconsinWyomingGuamPuerto RicoVirgin IslandsArmed Forces AmericasArmed Forces EuropeArmed Forces Pacific
Medicine Man Compounding Center,mmccrx@yahoo.com,(208) 773-2499,mmccrx.com,YES,"565 N Vest StPost Falls, Idaho 83854United States",YES,YES,NO,IdahoWashington
Medicine Shoppe,Medshoppe1804@gmail.com,(813) 971-8401,medicineshoppetampa.com,YES,"10905 N Nebraska AvenueTampa, Florida 33612United States",YES,YES,NO,Florida
MedicineVilla,admin@medicinevilla.com,+19142415522,medicinevilla.com,NO,"30th Cross Road, Dheeraj Sneh, Dr KB Hedgewar Road,Bandra West Mumbai,Mumbai, Maharashtra 400050India",NO,NO,YES,AlabamaAlaskaArizonaArkansasCaliforniaColoradoConnecticutDelawareDistrict of ColumbiaFloridaGeorgiaHawaiiIdahoIllinoisIndianaIowaKansasKentuckyLouisianaMaineMarylandMassachusettsMichiganMinnesotaMississippiMissouriMontanaNebraskaNevadaNew HampshireNew JerseyNew MexicoNew YorkNorth CarolinaNorth DakotaOhioOklahomaOregonPennsylvaniaRhode IslandSouth CarolinaSouth DakotaTennesseeTexasUtahVermontVirginiaWashingtonWest VirginiaWisconsinWyomingGuamPuerto RicoVirgin IslandsArmed Forces AmericasArmed Forces EuropeArmed Forces Pacific
Medivillastore pharmacy,admin@medivillastore.com,(908) 585-3108,medivillastore.com,NO,"New Link RoadAndheri WestMumbai, Maharashtra 400053India",YES,YES,YES,AlabamaAlaskaArizonaArkansasCaliforniaColoradoConnecticutDelawareDistrict of ColumbiaFloridaGeorgiaHawaiiIdahoIllinoisIndianaIowaKansasKentuckyLouisianaMaineMarylandMassachusettsMichiganMinnesotaMississippiMissouriMontanaNebraskaNevadaNew HampshireNew JerseyNew MexicoNew YorkNorth CarolinaNorth DakotaOhioOklahomaOregonPennsylvaniaRhode IslandSouth CarolinaSouth DakotaTennesseeTexasUtahVermontVirginiaWashingtonWest VirginiaWisconsinWyomingGuamPuerto RicoVirgin IslandsArmed Forces AmericasArmed Forces EuropeArmed Forces Pacific
"Medmetrics Compounding Pharmacy Chandler, AZ",hello@medmedtricsrx.com,(480) 883-3800,medmetricsrx.com,YES,"1075 W Queen Creek RdSte 2Chandler, Arizona 85248United States",YES,YES,NO,Arizona
MedPark Pharmacy,,(512) 353-8900,medparkpharmacy.com,YES,"San Marcos, Texas 78666United States",YES,YES,NO,Texas
Meds to You,Medstoyoupharmacy@gmail.com,(877) 312-5252,medstoyou.com,YES,"10119 Hamilton Hills LaneFishers, Indiana 46038United States",YES,YES,NO,AlabamaAlaskaArizonaArkansasCaliforniaColoradoConnecticutDelawareDistrict of ColumbiaFloridaGeorgiaHawaiiIdahoIllinoisIndianaIowaKansasKentuckyLouisianaMaineMarylandMassachusettsMichiganMinnesotaMississippiMissouriMontanaNebraskaNevadaNew HampshireNew JerseyNew MexicoNew YorkNorth CarolinaNorth DakotaOhioOklahomaOregonPennsylvaniaRhode IslandSouth CarolinaSouth DakotaTennesseeTexasUtahVermontVirginiaWashingtonWest VirginiaWisconsinWyomingGuamPuerto RicoVirgin IslandsArmed Forces AmericasArmed Forces EuropeArmed Forces Pacific
Mexi Pharmacy,info@mexipharmacy.mx,(877) 164-6823 WhatsApp,mexipharmacy.mx,NO,Mexico,NO,NO,YES,AlabamaAlaskaArizonaArkansasCaliforniaColoradoConnecticutDelawareDistrict of ColumbiaFloridaGeorgiaHawaiiIdahoIllinoisIndianaIowaKansasKentuckyLouisianaMaineMarylandMassachusettsMichiganMinnesotaMississippiMissouriMontanaNebraskaNevadaNew HampshireNew JerseyNew MexicoNew YorkNorth CarolinaNorth DakotaOhioOklahomaOregonPennsylvaniaRhode IslandSouth CarolinaSouth DakotaTennesseeTexasUtahVermontVirginiaWashingtonWest VirginiaWisconsinWyomingGuamPuerto RicoVirgin Islands
Mexican City Pharmacy,,"+ 52 (312) 243-7646, (773) 862-8034 (US residents)",mexicocityusa.org,NO,"Chicago, IllinoisUnited States",NO,NO,YES,AlabamaAlaskaArizonaArkansasCaliforniaColoradoConnecticutDelawareDistrict of ColumbiaFloridaGeorgiaHawaiiIdahoIllinoisIndianaIowaKansasKentuckyLouisianaMaineMarylandMassachusettsMichiganMinnesotaMississippiMissouriMontanaNebraskaNevadaNew HampshireNew JerseyNew MexicoNew YorkNorth CarolinaNorth DakotaOhioOklahomaOregonPennsylvaniaRhode IslandSouth CarolinaSouth DakotaTennesseeTexasUtahVermontVirginiaWashingtonWest VirginiaWisconsinWyomingGuamPuerto RicoVirgin Islands
MidCities Pharmacy,ivm@midrx.com,(817) 605-3500,midcitiespharmacy.com,YES,"2000 Precint Line RdHurst, Texas 76054United States",YES,YES,NO,Texas
Midwest Compounders Pharmacy,,(888) 245-3012,mwcpharmacy.com,YES,"Lenexa, Kansas 66215United States",YES,YES,NO,IllinoisIowaKansasMissouriNevadaNew MexicoRhode IslandUtahWisconsin
Mokena Pharmacy,mokenapharmacy@gmail.com,(708) 995-5795,mokenapharmacy.com,YES,"10937 Front StreetMokena, Illinois 60448United States",YES,YES,NO,Illinois
Monument Pharmacy,refills@monumentpharmacy.com,(719) 481-2209,monumentpharmacy.com,YES,"115 C Second StreetPO Box 467Monument, Colorado 80132United States",YES,YES,NO,Colorado
Moon's Pharmacy Inc.,moonspharmacy@gmail.com,(229) 382-3711,moonspharmacy.com,YES,"717 W 2nd StreetTifton, Georgia 31794United States",YES,YES,NO,Georgia
Morristown Pharmacy,info@morristownrx.com,(973) 998-0287,morristownrx.com,YES,"95 Madison Ave.Suite 110Morristown, New Jersey 07960United States",YES,NO,NO,AlabamaAlaskaArizonaArkansasCaliforniaColoradoConnecticutDelawareDistrict of ColumbiaFloridaGeorgiaHawaiiIdahoIllinoisIndianaIowaKansasKentuckyLouisianaMaineMarylandMassachusettsMichiganMinnesotaMississippiMissouriMontanaNebraskaNevadaNew HampshireNew JerseyNew MexicoNew YorkNorth CarolinaNorth DakotaOhioOklahomaOregonPennsylvaniaRhode IslandSouth CarolinaSouth DakotaTennesseeTexasUtahVermontVirginiaWashingtonWest VirginiaWisconsinWyomingGuamPuerto RicoVirgin IslandsArmed Forces AmericasArmed Forces EuropeArmed Forces Pacific
Mt Juliet Pharmacy,,(615) 758-4750,mtjulietpharmacy.com,YES,"Mt Juliet, TennesseeUnited States",YES,YES,NO,Tennessee
My Choice Pharmacy,Jason@mychoicepharmacy.net,561-336-2617,,YES,"190 Glades Rd Suite ABoca Raton, Florida 33432United States",YES,YES,NO,Florida
My Community Pharmacy,Mycommunitypharmacy@yahoo.com,(561) 753-6768,Freedeliverypharmacy.com,YES,"2615 State Rd 7Wellington, Florida 33414United States",YES,YES,NO,AlabamaAlaskaArizonaArkansasCaliforniaColoradoConnecticutDelawareDistrict of ColumbiaFloridaGeorgiaHawaiiIdahoIllinoisIndianaIowaKansasKentuckyLouisianaMaineMarylandMassachusettsMichiganMinnesotaMississippiMissouriMontanaNebraskaNevadaNew HampshireNew JerseyNew MexicoNew YorkNorth CarolinaNorth DakotaOhioOklahomaOregonPennsylvaniaRhode IslandSouth CarolinaSouth DakotaTennesseeTexasUtahVermontVirginiaWashingtonWest VirginiaWisconsinWyomingGuamPuerto RicoVirgin IslandsArmed Forces AmericasArmed Forces EuropeArmed Forces Pacific
My Pills Store,Info@247buyivermectin.com,+91 (851) 113-4988,medicineofcovid.com,NO,"701, 702 Radheshyam SocietyBandraMumbai, Maharashtra 400001India",NO,YES,YES,AlabamaAlaskaArizonaArkansasCaliforniaColoradoConnecticutDelawareDistrict of ColumbiaFloridaGeorgiaHawaiiIdahoIllinoisIndianaIowaKansasKentuckyLouisianaMaineMarylandMassachusettsMichiganMinnesotaMississippiMissouriMontanaNebraskaNevadaNew HampshireNew JerseyNew MexicoNew YorkNorth CarolinaNorth DakotaOhioOklahomaOregonPennsylvaniaRhode IslandSouth CarolinaSouth DakotaTennesseeTexasUtahVermontVirginiaWashingtonWest VirginiaWisconsinWyomingGuamPuerto RicoVirgin IslandsArmed Forces AmericasArmed Forces EuropeArmed Forces Pacific
Neighborhood Pharmacy,neighborhoodpharmacyrx@gmail.com,(215) 307-3609,neighborhoodpharmacyrx.com,YES,"5701 Chestnut StreetPhiladelphia, Pennsylvania 19139United States",YES,YES,NO,ColoradoConnecticutDelawareMassachusettsNew JerseyNew YorkPennsylvania
Neil's Compounding Pharmacy,Neilscompounding@gmail.com,(704) 947-3220,Neilscompounding.com,YES,"9801 Kincey AveSuite 155Huntersville, North Carolina 28078United States",YES,YES,NO,North Carolina
New Pharmacy Ventures,help@newpharmacyventures.com,(480) 565-2182,newpharmacyventures.com,YES,"2450 E. Guadalupe Rd #110Chandler, Arizona 85234United States",YES,YES,NO,AlaskaArizonaCaliforniaColoradoConnecticutDelawareFloridaHawaiiIndianaIowaKansasKentuckyMaineMassachusettsMichiganMinnesotaMissouriMontanaNebraskaNevadaNew JerseyNew MexicoNew YorkNorth DakotaOhioOregonPennsylvaniaRhode IslandSouth DakotaTennesseeTexasUtahVermontVirginiaWashingtonWest VirginiaWisconsinWyoming
NextGenRx Compounding Pharmacy,info@mynextgenrx.com,(918) 578-0031,mynextgenrx.com,YES,"811 W New Orleans St.Ste. 101Broken Arrow, Oklahoma 74011United States",YES,YES,NO,Oklahoma
No Virus Store,nomorevirus.store@gmail.com,+1 (520)-200-3746,novirus.store,NO,"Kalbadevi, MumbaiIndia",NO,NO,YES,AlabamaAlaskaArizonaArkansasCaliforniaColoradoConnecticutDelawareDistrict of ColumbiaFloridaGeorgiaHawaiiIdahoIllinoisIndianaIowaKansasKentuckyLouisianaMaineMarylandMassachusettsMichiganMinnesotaMississippiMissouriMontanaNebraskaNevadaNew HampshireNew JerseyNew MexicoNew YorkNorth CarolinaNorth DakotaOhioOklahomaOregonPennsylvaniaRhode IslandSouth CarolinaSouth DakotaTennesseeTexasUtahVermontVirginiaWashingtonWest VirginiaWisconsinWyomingGuamPuerto RicoVirgin Islands
"Noblesville Low Cost pharmacy, LLC",info@noblesvillelowcostpharmacy.com,(317) 231-5252,noblesvillelowcostpharmacy.com,YES,"758 Westfield RdNoblesville, Indiana 46060United States",YES,YES,NO,AlabamaAlaskaArizonaColoradoConnecticutDelawareFloridaGeorgiaIllinoisIndianaIowaKentuckyMichiganMinnesotaMissouriNew JerseyNew YorkNorth CarolinaOhioPennsylvaniaSouth CarolinaSouth DakotaWashingtonWisconsin
Norland Avenue Pharmacy,myers@norlandrx.com,(717) 217-6790,norlandrx.com,YES,"12 St. Paul DriveSte. 105Chambersburg, Pennsylvania 17201United States",YES,YES,NO,MarylandPennsylvaniaWest Virginia
North Carolina Choice Pharmacy,nccp1338@gmail.com,(866) 769-7820,thechoicesupplies.com,YES,"1338 Asheville HighwaySte. CHendersonville, North Carolina 28791United States",YES,YES,NO,North Carolina
North Fulton Compounding Pharmacy Inc,pharmacistnfcp@northfultonrx.com,770-475-8903,northfultonrx.com,YES,"305 S. Main StAlpharetta, Georgia 30009United States",YES,YES,NO,Georgia
Oakdell Compounding Pharmacy,,(210) 614-6200,oakdellpharmacy.com,YES,"7220 Louis Pasteur DriveSan Antonio, Texas 78229United States",YES,YES,NO,Texas
OkDermo,okdermo@okdermo.com,,okdermo.com,NO,Kuala Lumpur 50470Malaysia,NO,NO,YES,AlabamaAlaskaArizonaArkansasCaliforniaColoradoConnecticutDelawareDistrict of ColumbiaFloridaGeorgiaHawaiiIdahoIllinoisIndianaIowaKansasKentuckyLouisianaMaineMarylandMassachusettsMichiganMinnesotaMississippiMissouriMontanaNebraskaNevadaNew HampshireNew JerseyNew MexicoNew YorkNorth CarolinaNorth DakotaOhioOklahomaOregonPennsylvaniaRhode IslandSouth CarolinaSouth DakotaTennesseeTexasUtahVermontVirginiaWashingtonWest VirginiaWisconsinWyomingGuamPuerto RicoVirgin Islands
Olde Towne Drugs,annaclaire@oldetownedrugs.com,(601) 724-1904,oldetownedrugs.com,YES,"1645 W Government StreetSte. EBrandon, Mississippi 39042-4602United States",YES,YES,NO,Mississippi
On The Go Pharmacy,admin@onthegopharma.com,(602) 607-5094,onthegopharmacy.com,YES,"15830 N 35th Ave.Suite 3Phoenix, Arizona 85053United States",YES,YES,YES,AlaskaArizonaCaliforniaColoradoFloridaMassachusettsMichiganMontanaNevadaOhioUtah
OneSource Specialty Medicine,info@onesourcemeds.com,(877) 772-9944,onesourcemeds.com,YES,"8989 Forest LnSte 138Dallas, Texas 75243United States",YES,YES,NO,ConnecticutIllinoisIndianaNew JerseyNew YorkNorth CarolinaTexasWisconsin
OnlineGenericMed,care.ogm@gmail.com,+91 (851) 127-5721,onlinegenericmed.com,NO,"Mahek IconSumal Diary Road, KatargamSurat, Gujarat 395003India",NO,YES,YES,AlabamaAlaskaArizonaArkansasCaliforniaColoradoConnecticutDelawareDistrict of ColumbiaFloridaGeorgiaHawaiiIdahoIllinoisIndianaIowaKansasKentuckyLouisianaMaineMarylandMassachusettsMichiganMinnesotaMississippiMissouriMontanaNebraskaNevadaNew HampshireNew JerseyNew MexicoNew YorkNorth CarolinaNorth DakotaOhioOklahomaOregonPennsylvaniaRhode IslandSouth CarolinaSouth DakotaTennesseeTexasUtahVermontVirginiaWashingtonWest VirginiaWisconsinWyomingGuamPuerto RicoVirgin IslandsArmed Forces AmericasArmed Forces EuropeArmed Forces Pacific
Optimal Wellness Pharmacy,info@optimalwellnessrx.com,(949) 861-3170,optimalwellnessrx.com,YES,"Irvine, CaliforniaUnited States",YES,,NO,California
Orlando Pharmacy,info@orlandopharmacy.net,(407) 898-1331,orlandopharmacy.net,YES,"2909 N Orange Ave.Ste 112Orlando, Florida 32804United States",YES,YES,NO,ArizonaColoradoFloridaGeorgiaMissouriOhioSouth CarolinaTexasUtahVirginia
Palm Beach Compounding Pharmacy,rick@palmbeachcompounding.com,(561) 741 1191,palmbeachcompounding.com,YES,"2151 Alt A1A South1500Jupiter, Florida 33477United States",YES,NO,NO,Florida
Palm Harbor Pharmacy,orders@palmharborpharmacy.com,(727) 787-2273,palmharborpharmacy.com,YES,"34650 Us Hwy 19 NSuite 101Palm Harbor, Florida 34684United States",YES,YES,NO,Florida
Palms Pharmacy,,(813) 252-9063,,YES,"Tampa, FloridaUnited States",YES,YES,NO,Florida
Panacea Compounding Pharmacy,,(248) 841-4325,panaceacrx.com,YES,"28573 Northwestern HighwaySouthfield, Michigan 48034United States",YES,,NO,Michigan
Partell Pharmacy,info@partellpharmacy.com,(702) 791-3800,partellpharmacy.com,YES,"Las Vegas, NevadaUnited States",YES,YES,NO,AlaskaArizonaArkansasCaliforniaColoradoConnecticutDelawareFloridaGeorgiaHawaiiIdahoIllinoisIndianaIowaKentuckyMaineMarylandMassachusettsMinnesotaMississippiMissouriMontanaNevadaNew JerseyNew MexicoNew YorkNorth CarolinaNorth DakotaOhioOregonPennsylvaniaRhode IslandSouth DakotaTennesseeTexasUtahVirginiaWest VirginiaWisconsinWyoming
PDLabs Compounding Pharmacy,info@pdlabsrx.com,(512) 219-0724,pdlabsrx.com,YES,"101 Commercial PkwyCedar Park, Texas 78613United States",YES,YES,NO,AlabamaAlaskaArizonaArkansasCaliforniaColoradoConnecticutDelawareDistrict of ColumbiaFloridaGeorgiaHawaiiIdahoIllinoisIndianaIowaKansasKentuckyLouisianaMaineMarylandMassachusettsMichiganMinnesotaMississippiMissouriMontanaNebraskaNevadaNew HampshireNew JerseyNew MexicoNew YorkNorth CarolinaNorth DakotaOhioOklahomaOregonPennsylvaniaRhode IslandSouth CarolinaSouth DakotaTennesseeTexasUtahVermontVirginiaWashingtonWest VirginiaWisconsinWyomingPuerto RicoVirgin Islands
Perfect Medicine Store,care@perfectmedicinestore.com,(917) 970-2208,perfectmedicinestore.com,NO,"Shop No 105, Vastu Shiddhi A-WingPump HouseAndheri, Mumbai, Maharashtra 400042India",NO,YES,YES,AlabamaAlaskaArizonaArkansasCaliforniaColoradoConnecticutDelawareDistrict of ColumbiaFloridaGeorgiaHawaiiIdahoIllinoisIndianaIowaKansasKentuckyLouisianaMaineMarylandMassachusettsMichiganMinnesotaMississippiMissouriMontanaNebraskaNevadaNew HampshireNew JerseyNew MexicoNew YorkNorth CarolinaNorth DakotaOhioOklahomaOregonPennsylvaniaRhode IslandSouth CarolinaSouth DakotaTennesseeTexasUtahVermontVirginiaWashingtonWest VirginiaWisconsinWyomingGuamPuerto RicoVirgin IslandsArmed Forces AmericasArmed Forces EuropeArmed Forces Pacific
PerforMix Specialty Pharmacy,,(603) 870-9618,performixpharmacy.com,YES,"Salem, New Hampshire 03079United States",YES,YES,NO,MaineNew HampshireVermont
Person St Pharmacy,Trey@personstreetrx.com,(919) 832-6432,personstreetrx.com,YES,"702 N Person StRaleigh, North Carolina 27604United States",YES,YES,NO,GeorgiaNorth CarolinaSouth Carolina
Pharmacy Care of Tennessee,,(615) 283-8035,pctn.net,YES,"7332 Nolensville RoadSte 301Nolensville, Tennessee 37135United States",YES,YES,NO,Tennessee
Pharmacy Innovations,Mridgway@pharmacyinnovations.net,(281) 251-0888,pharmacyinnovations.net,YES,"8687 Louetta RdSuite 150Spring, Texas 77379United States",YES,YES,NO,ArizonaTexas
Pharmacy Innovations,Mridgway@pharmacyinnovations.net,(814) 838-2102,pharmacyinnovations.net,YES,"2636 W. 17th StreetErie, Pennsylvania 16505United States",YES,YES,NO,AlabamaAlaskaArizonaArkansasCaliforniaColoradoConnecticutDelawareDistrict of ColumbiaFloridaGeorgiaHawaiiIdahoIllinoisIndianaIowaKansasKentuckyLouisianaMaineMarylandMassachusettsMichiganMinnesotaMississippiMissouriMontanaNebraskaNevadaNew HampshireNew JerseyNew MexicoNew YorkNorth CarolinaNorth DakotaOhioOklahomaOregonPennsylvaniaRhode IslandSouth CarolinaSouth DakotaTennesseeTexasUtahVermontVirginiaWashingtonWest VirginiaWisconsinWyoming
Pharmacy Innovations,Mridgway@pharmacyinnovations.net,(716) 484-1586,pharmacyinnovations.net,YES,"863 Fairmount AvenueJamestown, New York 14701United States",YES,YES,NO,New York
Pharmacy Innovations,Mridgway@pharmacyinnovations.net,(727) 381-9799,pharmacyinnovations.net,YES,"7779 Starkey Rd.Seminole, Florida 33777United States",YES,YES,YES,FloridaGeorgia
Pharmacy Innovations,Mridgway@pharmacyinnovations.net,(864) 241-0477,pharmacyinnovations.net,YES,"640 Congaree Rd.Greenville, South Carolina 29607United States",YES,YES,NO,South Carolina
Pharmacy Innoviations,Mridgway@pharmacyinnovations.net,(757) 934-0533,pharmacyinnovations.net,YES,"4001 Virginia Beach BlvdSuite 110Virginia Beach, Virginia 23452United States",YES,YES,NO,Virginia
Pharmacy Innoviations,Mridgway@pharmacyinnovations.net,(281) 251-0888,pharmacyinnovations.net,YES,"8687 Louretta RdSte 150Spring, Texas 77379United States",YES,YES,NO,ArizonaTexas
PharmacyGo,info@epharmacygo.com,(239) 908-3187,epharmacygo.com,YES,"20041 S Tamiami TrlSTE 13Estero, Florida 33928United States",YES,YES,NO,AlabamaAlaskaArizonaArkansasCaliforniaColoradoConnecticutDelawareDistrict of ColumbiaFloridaGeorgiaHawaiiIdahoIllinoisIndianaIowaKansasKentuckyLouisianaMaineMarylandMassachusettsMichiganMinnesotaMississippiMissouriMontanaNebraskaNevadaNew HampshireNew JerseyNew MexicoNew YorkNorth CarolinaNorth DakotaOhioOklahomaOregonPennsylvaniaRhode IslandSouth CarolinaSouth DakotaTennesseeTexasUtahVermontVirginiaWashingtonWest VirginiaWisconsinWyoming
Pharmaprodia,info@pharmaprodia.com,(623) 404-1000,pharmaprodia.com,YES,"Surprise, ArizonaUnited States",YES,YES,NO,Arizona
Pill Box Drugs,pillboxdrugs165@gmail.com,(310) 378-9487,healthmart.com,YES,"165 Palos Verdes BlvdRedondo Beach, California 90277United States",YES,YES,NO,AlabamaArizonaArkansasCaliforniaColoradoConnecticutDelawareFloridaGeorgiaHawaiiIdahoIllinoisIndianaIowaKansasKentuckyLouisianaMaineMarylandMassachusettsMichiganMinnesotaMississippiMissouriMontanaNebraskaNevadaNew HampshireNew JerseyNew MexicoNew YorkNorth CarolinaNorth DakotaOhioOklahomaOregonPennsylvaniaRhode IslandSouth CarolinaSouth DakotaTennesseeTexasUtahVermontVirginiaWashingtonWest VirginiaWisconsinWyoming
Pillbox 123 Pharmacies,,(954) 432-7455,pillbox123.com,YES,"1700 NW 122nd TerracePembroke Pines, Florida 33026United States",YES,YES,NO,Florida
PillsForHims,admin@pillsforhims.com,(931) 368-8015,pillsforhims.com,NO,"Riseon SquareSurat, Gujarat 395001India",NO,YES,YES,AlabamaAlaskaArizonaArkansasCaliforniaColoradoConnecticutDelawareDistrict of ColumbiaFloridaGeorgiaHawaiiIdahoIllinoisIndianaIowaKansasKentuckyLouisianaMaineMarylandMassachusettsMichiganMinnesotaMississippiMissouriMontanaNebraskaNevadaNew HampshireNew JerseyNew MexicoNew YorkNorth CarolinaNorth DakotaOhioOklahomaOregonPennsylvaniaRhode IslandSouth CarolinaSouth DakotaTennesseeTexasUtahVermontVirginiaWashingtonWest VirginiaWisconsinWyomingGuamPuerto RicoVirgin IslandsArmed Forces AmericasArmed Forces EuropeArmed Forces Pacific
Pinecroft Pharmacy,,(281) 466-3650,pinecroftpharmacy.com,YES,"Spring, Texas 77380United States",YES,YES,NO,Texas
Pinellas Compounding Pharmacy,info@pinellascompoundingrx.com,(727) 239-0300,pinellascompoundingrx.com,YES,"1601 Main StDunedin, Florida 34698United States",YES,YES,NO,Florida
"Pioneer Health Compounding Pharmacy, LLC",manager@pioneerhealthcenter.com,(860) 979-0089,pioneerhealthcenter.com,YES,"Vernon, Connecticut 06066United States",YES,YES,NO,Connecticut
Portico Phramacy,,(208) 288-4341,wordpress.com,YES,"Meridian, Idaho 83642United States",YES,YES,NO,Idaho
Potter's House Apothecary,,(623) 362-9322,pottershouserx.com,YES,"Peoria, ArizonaUnited States",YES,YES,NO,Arizona
Powers Compounding Pharmacy,sharlene@powerscompounding.com,(636) 265-2924,powerscompounding.com,YES,"7776 Winghaven BoulevardO'Fallon, Missouri 63368United States",YES,YES,NO,IllinoisMissouriWisconsin
Precisionmed Pharmacy,virgil@precisionmedpharmacy.com,(813) 703-8839,precisionmedpharmacy.com,YES,"12615 Race Track RdTampa, Florida 33626United States",YES,YES,NO,FloridaGeorgiaNew JerseyNew YorkPennsylvaniaTexas
Precison Specialty Pharmacy,george@precision.vegas,(702) 405-9500,precisionspecialtypharmacy.com,YES,"2775 s Jones Blvd100ALas Vegas, Nevada 89146United States",YES,YES,NO,ColoradoNevada
"Premier Custom Pharmacy, Inc.",Sales@Premiercustomrx.com,(561) 691-4991,premiercustompharmacy.com,YES,"2000 PGA BlvdSuite 5508Palm Beach Gardens, Florida 33408United States",YES,YES,NO,ColoradoFloridaGeorgiaMissouriOklahomaSouth Carolina
Prescott Compounding Pharmacy,,(928) 515-2354,prescottrx.com,YES,"Prescott, ArizonaUnited States",YES,YES,NO,Arizona
Prescription Pad Pharmacy,rxpad333@gmail.com,(954) 791-2000,prescriptionpadrx.com,YES,"333 NW 70th AveSuite 102Plantation, Florida 33317United States",YES,YES,NO,Florida
Professional Pharmacy Inc,compounding@professionalrx.net,(610) 632-8838,professionalrx.net,YES,"911 N Charlotte StreetPottstown, Pennsylvania 19464United States",YES,YES,NO,ConnecticutDelawareDistrict of ColumbiaFloridaKentuckyMaineMarylandMassachusettsNew HampshireNew JerseyNew YorkOhioPennsylvaniaTexasVermontVirginiaWest Virginia
Professional Pharmacy of Pennsburg,Profpennsburg@aol.com,(215) 679-9700,professionalrx.net,YES,"931 Main StPennsburg, Pennsylvania 18073United States",YES,YES,NO,MaineNew HampshireNew JerseyNew YorkPennsylvania
Professional Pharmacy Resources,pharmacist@propharmrx.com,(850) 463-0022,propharmrx.com,YES,"4854 Woodbine RdPace, Florida 32571United States",YES,YES,NO,AlabamaAlaskaArizonaArkansasColoradoConnecticutDelawareDistrict of ColumbiaFloridaGeorgiaHawaiiIdahoIllinoisIndianaIowaKansasKentuckyLouisianaMarylandMassachusettsMichiganMinnesotaMississippiMissouriMontanaNevadaNew HampshireNew JerseyNew MexicoNew YorkNorth CarolinaNorth DakotaOhioOklahomaPennsylvaniaRhode IslandSouth CarolinaSouth DakotaTennesseeTexasUtahVermontVirginiaWashingtonWisconsinWyoming
Provata Pharmacy,provatapharmacy@gmail.com,+30 (210) 806-2596,business.site,NO,"Perikleous 6Marousi, Attiki 15122Greece",NO,NO,YES,Armed Forces Europe
Puramint,Pharmacist@puramint.com,(984) 302-3001,PuraMint.com,YES,"9305 Leesville RdSte 101Raleigh, North Carolina 27613United States",YES,YES,NO,ArkansasFloridaNew YorkNorth Carolina
Pure Science Rx,adavis@puresciencerx.com,(800) 614-8512,puresciencerx.com,,"Poway, California 92064United States",YES,YES,NO,AlaskaArizonaCaliforniaColoradoConnecticutDistrict of ColumbiaFloridaGeorgiaHawaiiIdahoIllinoisIndianaIowaMassachusettsMinnesotaMissouriMontanaNew HampshireNew JerseyNew MexicoOhioPennsylvaniaRhode IslandSouth CarolinaSouth DakotaTexasUtahVermontVirginiaWashingtonWisconsinGuam
Ray's Town North Pharmacy,jalsbrook@rayspharmacy.com,(817) 832-2626,rayspharmacy.com,YES,"975 N Cooper RdArlington, Texas 76011United States",YES,YES,NO,Texas
Realo,bastanfield@earthlink.net,(252) 393-3345,realodrug.com,YES,"181 Enterprise Avecape carteret, North Carolina 28584United States",YES,YES,NO,North Carolina
Recharge Pharmacy & Clinic,,(352) 512-9996,rechargeocalaclinic.com,YES,"Ocala, FloridaUnited States",YES,NO,NO,Florida
Rite Quality Pharmacy #2,ritequalityhealth@gmail.com,(214) 271-5260,ritequalityhealth.com,YES,"18900 Dallas Pkwy106Dallas, Texas 75287United States",YES,YES,NO,Texas
Robinson Drug & Compounding Center,info@robinsondrugshop.com,(855) 717-4276,robinsondrugshop.com,YES,"2 E. Main StMendham, New Jersey 07945United States",YES,YES,NO,New JerseyNew York
Royals Pharmacy,royalspharmacy@gmail.com,(248) 566-0116,royalspharmacyrx.com,YES,"Ferndale, MichiganUnited States",YES,YES,NO,Michigan
RxMed Kart,ltcserv@midrivers.com,(604) 270 5967,rxmedkart.store,NO,"510, Old Hanuman Ln,Narottam Wadi, Kalbadevi,Mumbai, Maharashtra 400002India",NO,NO,YES,AlabamaAlaskaArizonaArkansasCaliforniaColoradoConnecticutDelawareDistrict of ColumbiaFloridaGeorgiaHawaiiIdahoIllinoisIndianaIowaKansasKentuckyLouisianaMaineMarylandMassachusettsMichiganMinnesotaMississippiMissouriMontanaNebraskaNevadaNew HampshireNew JerseyNew MexicoNew YorkNorth CarolinaNorth DakotaOhioOklahomaOregonPennsylvaniaRhode IslandSouth CarolinaSouth DakotaTennesseeTexasUtahVermontVirginiaWashingtonWest VirginiaWisconsinWyomingGuamPuerto RicoVirgin IslandsArmed Forces AmericasArmed Forces EuropeArmed Forces Pacific
SafeGeneric Pharmacy,admin@safegenericpharmacy.com,,safegenericpharmacy.com,NO,United States,NO,NO,YES,AlabamaAlaskaArizonaArkansasCaliforniaColoradoConnecticutDelawareDistrict of ColumbiaFloridaGeorgiaHawaiiIdahoIllinoisIndianaIowaKansasKentuckyLouisianaMaineMarylandMassachusettsMichiganMinnesotaMississippiMissouriMontanaNebraskaNevadaNew HampshireNew JerseyNew MexicoNew YorkNorth CarolinaNorth DakotaOhioOklahomaOregonPennsylvaniaRhode IslandSouth CarolinaSouth DakotaTennesseeTexasUtahVermontVirginiaWashingtonWest VirginiaWisconsinWyomingGuamPuerto RicoVirgin Islands
Saffa Compounding Pharmacy,,(918) 492-4242,saffarx.com,YES,"Tulsa, OklahomaUnited States",YES,YES,NO,Oklahoma
Sandpoint Super Drug,sptsuperdrug@gmail.com,(208) 263-1469,sandpointsuperdrug.com,YES,"Sandport, IdahoUnited States",YES,NO,NO,Idaho
Santa Monica Homeopathic Pharmacy,Info@smhomeopathic.com,(310) 395-1131,smhomeopathic.com,YES,"629 BroadwaySanta Monica, California 90401United States",YES,YES,YES,AlabamaAlaskaArizonaArkansasCaliforniaColoradoConnecticutDelawareDistrict of ColumbiaFloridaGeorgiaHawaiiIdahoIllinoisIndianaIowaKansasKentuckyLouisianaMaineMarylandMassachusettsMichiganMinnesotaMississippiMissouriMontanaNebraskaNevadaNew HampshireNew JerseyNew MexicoNew YorkNorth CarolinaNorth DakotaOhioOklahomaOregonPennsylvaniaRhode IslandSouth CarolinaSouth DakotaTennesseeTexasUtahVermontVirginiaWashingtonWest VirginiaWisconsinWyomingGuamPuerto RicoVirgin Islands
Santa Rosa Pharmacy,abercey@santarosarx.com,"(850) 622-3313 (phone), (850) 622-32585 (fax)",mygnp.com,YES,"2050 W County Hwy 30AUnit M1-106Santa Rosa Beach, Florida 32459United States",YES,NO,NO,Florida
Sarasota Apothecary,sarasotaapothecary@gmail.com,(941) 218-4090,sarasotaapothecary.com,YES,"Sarasota, FloridaUnited States",YES,YES,NO,FloridaGeorgiaMississippiNew York
Save Rite Pharmacy & Compounding,saveritepharmacy@sbcglobal.net,(773) 525-0766,saveritepharmacy.com,YES,"3479 N BroadwayChicago, Illinois 60657United States",YES,YES,NO,Illinois
ScriptWorks Pharmacy,scripts@scriptworksrx.com,(925) 934-4400,scriptworksrx.com,YES,"Walnut Creek, CaliforniaUnited States",YES,YES,NO,California
Scripx,Jon@scripx.com,(469) 596-0341,scripx.com,YES,"1312 14th StreetSte. 201Plano, Texas 75074United States",YES,YES,NO,ArizonaTexas
Seven Cells Telehealth Platform,care@sevencells.com (ALL FLCCC ORDERS ARE $10 OFF. USE CODE FLCCC AT CHECKOUT.),(800) 818-1779 (The pharmacy will assist the patient with getting a prescription through Seven Cells Telehealth platform.),sevencells.com,YES,"600 SE Indian StreetSte. 3Stuart, Florida 34997United States",YES,YES,NO,AlaskaArizonaCaliforniaColoradoConnecticutDelawareFloridaGeorgiaHawaiiIdahoIllinoisIndianaIowaKansasKentuckyLouisianaMaineMarylandMassachusettsMinnesotaMississippiMissouriMontanaNevadaNew HampshireNew JerseyNew MexicoNew YorkNorth CarolinaNorth DakotaOhioOklahomaPennsylvaniaRhode IslandSouth DakotaTexasUtahVermontVirginiaWashingtonWisconsinWyomingGuamPuerto RicoVirgin Islands
Sewall's Point Pharmacy & Compounding,office@sp-rx.com,(772) 600-8077,sp-rx.com,YES,"Stuart, FloridaUnited States",YES,YES,NO,Florida
Shelby Family Pharmacy,Cirauloj@gmail.com,(586) 461-2900,shelbyfamilypharmacy.com,YES,"4887 Hayes RoadShelby Charter Township, Michigan 48315United States",YES,,NO,MichiganVirginia
Shelton Compounding Pharmacy,larryshelton@shelton-pharmacy.com,(828) 692-6554,shelton-pharmacy.com,YES,"2315 Asheville HighwaySuite 50Hendersonville, North Carolina 28791United States",YES,NO,NO,North Carolina
SmartScript Pharmacy LLC,Patti.Luedtke@smartscriptpharmacy.com,(844) 476-2781,smartscriptpharmacy.com,YES,"4041 State Road 91STE BOshkosh, Wisconsin 54904United States",YES,YES,NO,ArizonaCaliforniaColoradoConnecticutDelawareFloridaIllinoisIndianaMaineMissouriMontanaNevadaNew JerseyNew MexicoNew YorkOhioPennsylvaniaRhode IslandSouth CarolinaSouth DakotaTexasVermontWisconsinWyoming
SMC Pharmacy,smc@smccares.com,(310) 315-9999,smccares.com,YES,"1908 Santa Monica BlvdSuite # 4Santa Monica, California 90049United States",YES,NO,NO,California
Sonterra Rx,sonterrarx@gmail.com,(210) 490-7711,sonterrarx.net,YES,"1162 E Sonterra Blvd#100San Antonio, Texas 78258United States",YES,YES,NO,Texas
South River Compounding Pharmacy,,"(804) 897-6447 Southside option 1, West End Option 2",southriverrx.com,YES,"11420 W. Huguenot Road and 3656 Maryland CourtMidlothian/Richmond, Virginia 23113/23233United States",YES,YES,NO,VermontVirginiaWyoming
SoWal Health & Drug,sowalrx@yahoo.com,(850) 424-7438,sowalrx.com,YES,"Miramar Beach, Florida 32550United States",YES,YES,NO,FloridaTexas
Space Coast Community Pharmacy,info@spacecoastpharmacy.org,(321) 636-2275,spacecoastpharmacy.com,YES,"Rockledge, FloridaUnited States",YES,YES,NO,Florida
Specialty Compounding and Wellness Pharmacy,calah@specialtypharmacyonline.com,(256) 734-3146,specialtypharmacyonline.com,YES,"2104 AL Hwy 157Cullman, Alabama 35058US Minor Outlying Islands",YES,YES,NO,Alabama
SpotRx Pharmacy,info@spotrx.com,(520) 585-5020,spotrx.com,YES,"1430 E Fort Lowell RdSuite 120Tucson, Arizona 85719United States",YES,YES,NO,Arizona
St Georges Specialty Pharmacy,Specialty@stgeorgesrx.com,(908) 925-4567,Stgeorgesrx.com,YES,"521 N Wood AvenueLinden, New Jersey 07036United States",YES,NO,NO,New Jersey
St Joseph Pharmacy,Stjosephnj6@gmail.com,(908) 454-0777,stjosephnj6.com,YES,"758 Memorial ParkwayPhillipsburg, New Jersey 08865United States",YES,YES,NO,New Jersey
Stanley Specialty Pharmacy,,(704) 370-6612,stanleyrx.com,YES,"Charlotte, North CarolinaUnited States",YES,YES,NO,North Carolina
Staywell Pharmacy,Rx@theStaywellPharmacy.com,(888) 864-3868,thestaywellpharmacy.com,YES,"912 E Northwest HwyPalatine, Illinois 60074United States",YES,YES,NO,AlabamaAlaskaArizonaArkansasCaliforniaColoradoConnecticutDelawareDistrict of ColumbiaFloridaGeorgiaHawaiiIdahoIllinoisIndianaIowaKansasKentuckyLouisianaMaineMarylandMassachusettsMichiganMinnesotaMississippiMissouriMontanaNebraskaNevadaNew HampshireNew JerseyNew MexicoNew YorkNorth CarolinaNorth DakotaOhioOklahomaOregonPennsylvaniaRhode IslandSouth CarolinaSouth DakotaTennesseeTexasUtahVermontVirginiaWashingtonWest VirginiaWisconsinWyomingVirgin IslandsArmed Forces AmericasArmed Forces Pacific
Stephenson Pharmacy,rxpharmer@aol.com,(903) 593-0236,stephensonpharmacy.com,YES,"1000 S. Fleishel AveTyler, Texas 75701United States",YES,YES,NO,Texas
Strive Pharmacy,,(480) 626-4366,strivepharmacy.com,YES,"Gilbert, ArizonaUnited States",YES,YES,NO,ArizonaCaliforniaColoradoUtah
"Stroud Compounding and Wellness Drugstore, Corp.",stroudbooks@stroudcompounding.com,(570) 476-6936,stroudcompounding.com,YES,"1619 N. 9th street#3Stroudsburg, Pennsylvania 18360United States",YES,YES,NO,DelawareNew JerseyNew YorkPennsylvania
Summers Compounding,info@summerspharmcy.com,(816) 339-9880,summerspharmacy.com,YES,"2422 S 7 HighwayBlue Springs, Missouri 64014United States",YES,YES,NO,KansasMissouri
Sunlife Pharmacy,,(727) 491-8300,sunliferx.com,YES,"Palm Harbor, FloridaUnited States",YES,YES,NO,Florida
Super Value Pharmacy,supval@yahoo.com,(817) 283-5308,supervaluepharmacy.com,YES,"720 N Industrial BvldEuless, Texas 76039United States",YES,YES,NO,Texas
Tampa Specialty Pharmacy LLC,store154@pharmfoodgroup.com,(813) 644-7277,business.site,YES,"Tampa, FloridaUnited States",YES,YES,NO,AlaskaArizonaColoradoConnecticutDelawareDistrict of ColumbiaFloridaGeorgiaIllinoisIndianaIowaMinnesotaMississippiMissouriMontanaNevadaNew YorkOhioRhode IslandSouth CarolinaVermontWisconsinWyoming
The Balanced Pharmacist,kierstenalton@gmail.com,(406) 270-5244,thebalancedpharmacist.com,NO,"Whitefish, MontanaUnited States",YES,NO,NO,Montana
The Compounding Lab,Robyn@thecompoundinglab.com,(937) 723-2885,thecompoundinglab.com,YES,"7415 Old Troy PikeHuber Heights, Ohio 45424United States",YES,NO,NO,Ohio
The Compounding Lab Pharmacy,,(423) 328-9333,mycompoundinglab.us,YES,"Johnson City, Tennessee 37604United States",YES,YES,NO,FloridaTennessee
The Compounding Pharmacist,thecompoundingrx@yahoo.com,610-692-8770,thecompoundrx.com,YES,"720 East Market StSuite 155West Chester, Pennsylvania 19382United States",YES,YES,NO,ArizonaCaliforniaConnecticutDelawareFloridaGeorgiaIllinoisMaineMissouriNew YorkPennsylvaniaRhode IslandWisconsin
The Compounding Pharmacy,Trey@thecompoundingrx.com,(828) 324-4115,thecompoundingRx.com,YES,"750 4th St SWHickory, North Carolina 28602United States",YES,YES,NO,FloridaGeorgiaNorth CarolinaSouth CarolinaVirginia
The Mix Pharmacy,,(210) 226-1112,mixingpharmacy.com,YES,"San Antonio, TexasUnited States",YES,YES,NO,Texas
The Owego Pharmacy,owegorx@yahoo.com,(607) 687-8779,theowegopharmacy.com,YES,"1135 State Route 17COwego, New York 13827United States",YES,NO,NO,AlabamaAlaskaArizonaArkansasCaliforniaColoradoConnecticutDelawareDistrict of ColumbiaFloridaGeorgiaHawaiiIdahoIllinoisIndianaIowaKansasKentuckyLouisianaMaineMarylandMassachusettsMichiganMinnesotaMississippiMissouriMontanaNebraskaNevadaNew HampshireNew JerseyNew MexicoNew YorkNorth CarolinaNorth DakotaOhioOklahomaOregonPennsylvaniaRhode IslandSouth CarolinaSouth DakotaTennesseeTexasUtahVermontVirginiaWashingtonWest VirginiaWisconsinWyoming
The Pharmacy,rossclarkpharmacy@outlook.com,(321) 208-8999,mygnp.com,YES,"333 S Plumosa St.Merritt Island, Florida 32952-3525United States",YES,YES,NO,AlabamaAlaskaArizonaArkansasCaliforniaColoradoConnecticutDelawareDistrict of ColumbiaFloridaGeorgiaHawaiiIdahoIllinoisIndianaIowaKansasKentuckyLouisianaMaineMarylandMassachusettsMichiganMinnesotaMississippiMissouriMontanaNebraskaNevadaNew HampshireNew JerseyNew MexicoNew YorkNorth CarolinaNorth DakotaOhioOklahomaOregonPennsylvaniaRhode IslandSouth CarolinaSouth DakotaTennesseeTexasUtahVermontVirginiaWashingtonWest VirginiaWisconsinWyomingGuamPuerto RicoVirgin IslandsArmed Forces AmericasArmed Forces EuropeArmed Forces Pacific
The Phoenix Pharmacy,Caleb@thephoenixpharmacy.com,(865) 692-1603,thephoenixknoxville.com,YES,"418 South Gay StreetSuite 104Knoxville, Tennessee 37920United States",YES,YES,NO,Tennessee
The Prescription Center Compounding,customerservice@prescription-center.com,(603) 472-3919,prescription-center.com,YES,"125 North Main StreetConcord, New Hampshire 03301United States",YES,YES,NO,MaineMassachusettsNew HampshireVermontVirginia
The Wellness Pharmacy,John@thewellnesspharmacy.com,(540) 723-6883,thewellnesspharmacy.com,YES,"2228 Papermill RdSuite EWinchester, Virginia 22601United States",YES,YES,NO,Virginia
Tinley Park Apothecary,tpapharmacy@gmail.com,(708) 778-3669,Tinleyparkrx.com,YES,"17320 Oak Park AveTinley Park, Illinois 60477United States",YES,YES,NO,ArizonaFloridaIllinoisNew YorkPennsylvaniaTennesseeWisconsin
Together RX Savings Program,support@togetherrxacces.com (10% discount on all FLCCC orders.),(864) 610-3116,togetherrxacces.com,YES,"One Outlet Lane, Bald Eagle CourtLock Haven, Pennsylvania 17745United States",YES,YES,YES,AlabamaAlaskaArizonaArkansasCaliforniaColoradoConnecticutDelawareDistrict of ColumbiaFloridaGeorgiaHawaiiIdahoIllinoisIndianaIowaKansasKentuckyLouisianaMaineMarylandMassachusettsMichiganMinnesotaMississippiMissouriMontanaNebraskaNevadaNew HampshireNew JerseyNew MexicoNew YorkNorth CarolinaNorth DakotaOhioOklahomaOregonPennsylvaniaRhode IslandSouth CarolinaSouth DakotaTennesseeTexasUtahVermontVirginiaWashingtonWest VirginiaWisconsinWyomingVirgin Islands
Town & Country Compounding Pharmacy,info@tccompound.com,(201) 447-2020,tccompound.com,YES,"535 E Crescent AvenueRamsey, New Jersey 07446United States",YES,YES,NO,ConnecticutDelawareFloridaKentuckyMarylandMassachusettsMinnesotaNew JerseyNew YorkOhioPennsylvaniaRhode Island
Trivona Health,contact@trinovahealth.com,(813) 551-1165,trinovahealth.com,YES,"1209 Tech BoulevardSuite 102Tampa, Florida 33619United States",YES,YES,NO,FloridaGeorgiaMississippiNew York
TruLilfe Pharmacy,info@TruLifePharmacy.net,(904) 531-3030,TruLifePharmacy.net,YES,"3516 Enterprise WaySuite 7Green Cove Springs, Florida 32043United States",YES,YES,NO,FloridaGeorgiaMississippiNew York
University Compound Pharmacy,info@univrx.com,(877) 531-1147,univrx.com,YES,"6054 Livernois Rdtroy, Michigan 48098United States",YES,YES,YES,AlabamaAlaskaArizonaArkansasCaliforniaColoradoConnecticutDelawareDistrict of ColumbiaFloridaGeorgiaHawaiiIdahoIllinoisIndianaIowaKansasKentuckyLouisianaMaineMarylandMassachusettsMichiganMinnesotaMississippiMissouriMontanaNebraskaNevadaNew HampshireNew JerseyNew MexicoNew YorkNorth CarolinaNorth DakotaOhioOklahomaOregonPennsylvaniaRhode IslandSouth CarolinaSouth DakotaTennesseeTexasUtahVermontVirginiaWashingtonWest VirginiaWisconsinWyomingGuamPuerto RicoVirgin IslandsArmed Forces AmericasArmed Forces EuropeArmed Forces Pacific
Uptown Chemist,hello@uptownchemist.com,(239) 431-4217,uptownchemist.com,YES,"2700 Immokalee RdSuite 24Naples, Florida 34110United States",YES,YES,NO,Florida
USave Pharmacy,usavegretna@gmail.com,(402) 332-5990,usaverx.com,YES,"611 N Hwy 6Gretna, Nebraska 68028United States",YES,YES,NO,Nebraska
ValeoRx,contact@valeorx.com,(888) 254-4844 (480) 220-6656 USA direct,valeorx.com,YES,"World Trade Center, Benito Juarez, Col. NapolesMexico",NO,YES,YES,AlabamaAlaskaArizonaArkansasCaliforniaColoradoConnecticutDelawareDistrict of ColumbiaFloridaGeorgiaHawaiiIdahoIllinoisIndianaIowaKansasKentuckyLouisianaMaineMarylandMassachusettsMichiganMinnesotaMississippiMissouriMontanaNebraskaNevadaNew HampshireNew JerseyNew MexicoNew YorkNorth CarolinaNorth DakotaOhioOklahomaOregonPennsylvaniaRhode IslandSouth CarolinaSouth DakotaTennesseeTexasUtahVermontVirginiaWashingtonWest VirginiaWisconsinWyomingGuamPuerto RicoVirgin Islands
Vallabh Enterprise/Shreeji Impex,maulik7@gmail.com,+91 (992) 517-1777,shreejiimpex.co.in,NO,"Surat, GujaratIndia",NO,NO,YES,AlabamaAlaskaArizonaArkansasCaliforniaColoradoConnecticutDelawareDistrict of ColumbiaFloridaGeorgiaHawaiiIdahoIllinoisIndianaIowaKansasKentuckyLouisianaMaineMarylandMassachusettsMichiganMinnesotaMississippiMissouriMontanaNebraskaNevadaNew HampshireNew JerseyNew MexicoNew YorkNorth CarolinaNorth DakotaOhioOklahomaOregonPennsylvaniaRhode IslandSouth CarolinaSouth DakotaTennesseeTexasUtahVermontVirginiaWashingtonWest VirginiaWisconsinWyomingGuamPuerto RicoVirgin Islands
Valley Prescribing & Compounding Pharmacy,,(209) 722-5765,valleyrxandcompounding.com,YES,"330 E 13th St.Merced, California 95341United States",YES,YES,NO,CaliforniaNevada
VelRx,PatientSupport@velrx.com,(972) 913-2102,velrx.com,YES,"18900 Dallas PkwyDallas, Texas 75287United States",YES,YES,NO,AlabamaAlaskaArizonaArkansasCaliforniaColoradoConnecticutDelawareDistrict of ColumbiaFloridaGeorgiaHawaiiIdahoIllinoisIndianaIowaKansasKentuckyLouisianaMaineMarylandMassachusettsMichiganMinnesotaMississippiMissouriMontanaNebraskaNevadaNew HampshireNew JerseyNew MexicoNew YorkNorth CarolinaNorth DakotaOhioOklahomaOregonPennsylvaniaRhode IslandSouth CarolinaSouth DakotaTennesseeTexasUtahVermontVirginiaWashingtonWest VirginiaWisconsinWyomingGuamPuerto RicoVirgin IslandsArmed Forces AmericasArmed Forces EuropeArmed Forces Pacific
Victory Pharmacy & Medical Clinic,,(512) 462-3627 Option 6,victorymed.com,YES,"Austin, Texas 78704United States",YES,YES,NO,ArizonaColoradoFloridaGeorgiaIllinoisIndianaKentuckyMaineMinnesotaMontanaNew HampshireNew JerseyNew MexicoNew YorkNorth CarolinaPennsylvaniaRhode IslandSouth CarolinaTexasUtahVermontWashingtonWisconsinWyoming
Village Compounding Pharmacy,bpylant@villagecompounding.com,(713) 464-5069,villagecompounding.com,YES,"975 Corbindale RdSte 100Houston, Texas 77024United States",YES,YES,NO,ArizonaCaliforniaColoradoFloridaGeorgiaIllinoisLouisianaMassachusettsMinnesotaNew MexicoNew YorkNorth DakotaPennsylvaniaSouth DakotaTennesseeTexasUtahWashingtonWisconsin
Village Foods Pharmacy,pharmacy@villagefoods.com,(979) 846-8199,villagefoodsrx.com,YES,"3030 E 29th StSuite 100Bryan, Texas 77802United States",YES,NO,NO,Texas
Village Pharmacy,Villagepharm2541@gmail.com,(865) 983-9591,villagepharmacytn.com,YES,"2541 East Broadway AveMaryville, Tennessee 37804United States",YES,YES,NO,GeorgiaTennessee
Vista Medical Agency,info@vistamedicines.com,+91 (816) 061-4322,vistamedicines.com,NO,"A-1, virprabhu ind estateKatargaamSurat, Gujarat 395006India",NO,YES,YES,AlabamaAlaskaArizonaArkansasCaliforniaColoradoConnecticutDelawareDistrict of ColumbiaFloridaGeorgiaHawaiiIdahoIllinoisIndianaIowaKansasKentuckyLouisianaMaineMarylandMassachusettsMichiganMinnesotaMississippiMissouriMontanaNebraskaNevadaNew HampshireNew JerseyNew MexicoNew YorkNorth CarolinaNorth DakotaOhioOklahomaOregonPennsylvaniaRhode IslandSouth CarolinaSouth DakotaTennesseeTexasUtahVermontVirginiaWashingtonWest VirginiaWisconsinWyomingGuamPuerto RicoVirgin IslandsArmed Forces AmericasArmed Forces EuropeArmed Forces Pacific
Ward Specialty Pharmacy,Info@warddrug.com,(252) 459-5544,warddrug.com,YES,"3646 Sunset Ave. Ste 110Rocky Mount, North Carolina 27804United States",YES,YES,NO,North Carolina
Warrington Wellness Rx,info@warringtonwellness.com,(757) 800-8813,warringtonwellness.com,YES,"805 Kent PlaceSuite 104Chesapeake, Virginia 23320United States",YES,YES,NO,North CarolinaVirginia
Webster Pharmacy,store@websterrx.com,(314) 962-1065,websterrx.com,YES,"608 E Lockwood AveWebster Groves, MISSOURI 63119United States",YES,YES,NO,IllinoisMissouri
Welcome Enterprises,,+91 (804) 607-2951,indiamart.com,NO,MumbaiUnited States,NO,NO,YES,AlabamaAlaskaArizonaArkansasCaliforniaColoradoConnecticutDelawareDistrict of ColumbiaFloridaGeorgiaHawaiiIdahoIllinoisIndianaIowaKansasKentuckyLouisianaMaineMarylandMassachusettsMichiganMinnesotaMississippiMissouriMontanaNebraskaNevadaNew HampshireNew JerseyNew MexicoNew YorkNorth CarolinaNorth DakotaOhioOklahomaOregonPennsylvaniaRhode IslandSouth CarolinaSouth DakotaTennesseeTexasUtahVermontVirginiaWashingtonWest VirginiaWisconsinWyomingGuamPuerto RicoVirgin Islands
WellErectile,Admin@wellerectile.com,(914) 241-5522,wellerectile.com,NO,"Dadar, MumbaiIndia",NO,NO,YES,AlabamaAlaskaArizonaArkansasCaliforniaColoradoConnecticutDelawareDistrict of ColumbiaFloridaGeorgiaHawaiiIdahoIllinoisIndianaIowaKansasKentuckyLouisianaMaineMarylandMassachusettsMichiganMinnesotaMississippiMissouriMontanaNebraskaNevadaNew HampshireNew JerseyNew MexicoNew YorkNorth CarolinaNorth DakotaOhioOklahomaOregonPennsylvaniaRhode IslandSouth CarolinaSouth DakotaTennesseeTexasUtahVermontVirginiaWashingtonWest VirginiaWisconsinWyomingGuamPuerto RicoVirgin Islands
WellPack Pharmacy,Info@wellpackrx.com,(850) 765-4026,wellpackrx.com,YES,"1624 Capital Circle NE210Tallahassee, Florida 32308United States",YES,YES,NO,Florida
West Cocoa Pharmacy and Compounding,cocoapharmacy@gmail.com,(321) 305-6909,cocoapharmacy.com,YES,"2711 Clearlake RoadC10Cocoa, Florida 32922United States",YES,YES,NO,Florida
wikiEDpills,sales@wikiedpills.com,(997) 403-1604,wikiedpills.com,NO,"Opera MarketNagpur, Maharashtra 440001India",NO,YES,YES,AlabamaAlaskaArizonaArkansasCaliforniaColoradoConnecticutDelawareDistrict of ColumbiaFloridaGeorgiaHawaiiIdahoIllinoisIndianaIowaKansasKentuckyLouisianaMaineMarylandMassachusettsMichiganMinnesotaMississippiMissouriMontanaNebraskaNevadaNew HampshireNew JerseyNew MexicoNew YorkNorth CarolinaNorth DakotaOhioOklahomaOregonPennsylvaniaRhode IslandSouth CarolinaSouth DakotaTennesseeTexasUtahVermontVirginiaWashingtonWest VirginiaWisconsinWyomingGuamPuerto RicoVirgin IslandsArmed Forces AmericasArmed Forces EuropeArmed Forces Pacific
Williamsburg Drug Co,,(757) 229-3560,williamsburgdrug.com,YES,"240 McLaws CircleSuite 147Williamsburg, Virginia 23185United States",YES,YES,NO,Virginia
Wilson Family Pharmacy,wilsonfamilypharmacy@yahoo.com,(270) 688-0100,,YES,"2845 W. Parrish AveSuite EOwensboro, Kentucky 42301United States",YES,NO,NO,Kentucky
"Woodforest Pharmacy, Inc.",,(936) 788-2012,woodforestpharamcy.com,YES,"404 River Pointe DriveConroe, Texas 77304United States",YES,YES,NO,Texas
Wurlitzer Pharmacy,Family4jesuscr7@aol.com,(716) 491-4046,wurlitzerfamilypharmacy.com,YES,"521 Division St.North Tonawanda, New York 14120United States",YES,YES,NO,New York
Ye Olde Pharmacy & Wellness Center,pharmacists@yeolderx.com,(844) 570-0010,yeolderx.com,YES,"N54 W6135 Mill StreetSuite 300Cedarburg, Wisconsin 53012United States",YES,YES,NO,FloridaIllinoisMinnesotaWisconsin
Your Pharmacy Corp,yrpharmacy@gmail.com,"(630) 318-3616, (708) 852-2204 (mobile)",,YES,"4050 Healthway Dr, Suite 100Aurora, Illinois 60501United States",YES,YES,NO,Illinois
Zikam Pharmacy,zikam3@zikamrx.com,(210) 310-3132,zikamrx.com,YES,"17323 IH 35N100Schertz, Texas 78154United States",YES,YES,NO,Texas
ZiverdoKit Store,info@ziverdokitstores.com,(785) 672 9222,ziverdokitstores.com,NO,"512 Hanuman LaneKalbadevi, MumbaiNagpur, Maharashtra 400002India",NO,YES,YES,AlabamaAlaskaArizonaArkansasCaliforniaColoradoConnecticutDelawareDistrict of ColumbiaFloridaGeorgiaHawaiiIdahoIllinoisIndianaIowaKansasKentuckyLouisianaMaineMarylandMassachusettsMichiganMinnesotaMississippiMissouriMontanaNebraskaNevadaNew HampshireNew JerseyNew MexicoNew YorkNorth CarolinaNorth DakotaOhioOklahomaOregonPennsylvaniaRhode IslandSouth CarolinaSouth DakotaTennesseeTexasUtahVermontVirginiaWashingtonWest VirginiaWisconsinWyomingGuamPuerto RicoVirgin IslandsArmed Forces AmericasArmed Forces EuropeArmed Forces Pacific
Pharmacy Name,Email,Phone,Website,Requires prescription?,Pharmacy Address,Based in the United States?,Overnight shipping to the United States?,Overnight International shipping?,Ships to the following States/Provinces
